"","EK"
"1997-03-13",-2.44897959183673
"1997-03-14",-1.39470013947001
"1997-03-17",0
"1997-03-18",-0.565770862800566
"1997-03-19",-0.995732574679943
"1997-03-20",1.4367816091954
"1997-03-21",-10.4815864022663
"1997-03-24",-3.32278481012658
"1997-03-25",0.981996726677578
"1997-03-26",1.45867098865478
"1997-03-27",-0.479233226837061
"1997-03-31",-2.40770465489567
"1997-04-01",-0.986842105263158
"1997-04-02",-0.996677740863787
"1997-04-03",0
"1997-04-04",1.00671140939597
"1997-04-07",2.32558139534884
"1997-04-08",0.649350649350649
"1997-04-09",-0.32258064516129
"1997-04-10",-2.26537216828479
"1997-04-11",-0.662251655629139
"1997-04-14",-2.5
"1997-04-15",3.07692307692308
"1997-04-16",3.64842454394693
"1997-04-17",0
"1997-04-18",1.12
"1997-04-21",0
"1997-04-22",0.632911392405063
"1997-04-23",2.0440251572327
"1997-04-24",-1.2326656394453
"1997-04-25",-0.78003120124805
"1997-04-28",1.57232704402516
"1997-04-29",3.09597523219814
"1997-04-30",-0.15015015015015
"1997-05-01",-0.451127819548872
"1997-05-02",-1.3595166163142
"1997-05-05",1.53139356814701
"1997-05-06",0.754147812971342
"1997-05-07",-2.39520958083832
"1997-05-08",-0.613496932515337
"1997-05-09",1.23456790123457
"1997-05-12",1.21951219512195
"1997-05-13",-0.903614457831325
"1997-05-14",-0.151975683890578
"1997-05-15",-0.15220700152207
"1997-05-16",-2.4390243902439
"1997-05-19",-0.15625
"1997-05-20",1.40845070422535
"1997-05-21",-0.154320987654321
"1997-05-22",0.772797527047913
"1997-05-23",1.53374233128834
"1997-05-27",2.11480362537764
"1997-05-28",-1.33136094674556
"1997-05-29",-0.149925037481259
"1997-05-30",-0.45045045045045
"1997-06-02",0
"1997-06-03",0.904977375565611
"1997-06-04",-0.448430493273543
"1997-06-05",0.600600600600601
"1997-06-06",1.49253731343284
"1997-06-09",-1.02941176470588
"1997-06-10",-0.297176820208024
"1997-06-11",-5.06706408345753
"1997-06-12",1.72684458398744
"1997-06-13",-1.08024691358025
"1997-06-16",0.62402496099844
"1997-06-17",-0.174412403100773
"1997-06-18",-2.31023709196741
"1997-06-19",1.58982511923688
"1997-06-20",-1.25195618153365
"1997-06-23",-2.06022187004754
"1997-06-24",0.323624595469256
"1997-06-25",0
"1997-06-26",0.483870967741935
"1997-06-27",0.802568218298555
"1997-06-30",-2.22929936305732
"1997-07-01",0.488599348534202
"1997-07-02",0.972447325769854
"1997-07-03",1.36436597110754
"1997-07-07",0.475059382422803
"1997-07-08",1.49724192277384
"1997-07-09",-1.24223602484472
"1997-07-10",-1.88679245283019
"1997-07-11",-0.32051282051282
"1997-07-14",-0.723472668810289
"1997-07-15",-0.404858299595142
"1997-07-16",-11.0569105691057
"1997-07-17",-3.10786106032907
"1997-07-18",0
"1997-07-21",1.88679245283019
"1997-07-22",1.75925925925926
"1997-07-23",0.0909918107370337
"1997-07-24",-0.909090909090909
"1997-07-25",-1.55963302752294
"1997-07-28",1.28146132339236
"1997-07-29",-0.621125328097517
"1997-07-30",1.2037037037037
"1997-07-31",-1.92131747483989
"1997-08-01",1.49253731343284
"1997-08-04",0.275735294117647
"1997-08-05",-0.366636113657195
"1997-08-06",0
"1997-08-07",-1.19595216191352
"1997-08-08",-0.74487895716946
"1997-08-11",-1.50093808630394
"1997-08-12",-1.14285714285714
"1997-08-13",0.192678227360308
"1997-08-14",-2.88461538461538
"1997-08-15",0.198019801980198
"1997-08-18",0.790513833992095
"1997-08-19",-0.196078431372549
"1997-08-20",6.28683693516699
"1997-08-21",-1.47874306839187
"1997-08-22",0.187617260787992
"1997-08-25",-0.655430711610487
"1997-08-26",-1.13100848256362
"1997-08-27",2.95519542421354
"1997-08-28",-2.68518518518519
"1997-08-29",-0.475737392959087
"1997-09-02",3.05927342256214
"1997-09-03",2.78293135435993
"1997-09-04",0
"1997-09-05",-0.72202166064982
"1997-09-08",0.545454545454546
"1997-09-09",-1.08499095840868
"1997-09-10",-1.46252285191956
"1997-09-11",-1.85528756957328
"1997-09-12",-0.945179584120983
"1997-09-15",-8.3969465648855
"1997-09-16",-5
"1997-09-17",-1.09649122807018
"1997-09-18",2.21729490022173
"1997-09-19",3.470715835141
"1997-09-22",3.66876310272537
"1997-09-23",0.303336703741153
"1997-09-24",-0.604838709677419
"1997-09-25",1.3184584178499
"1997-09-26",2.5025025025025
"1997-09-29",0.5859375
"1997-09-30",0.87378640776699
"1997-10-01",1.63618864292589
"1997-10-02",-2.46212121212121
"1997-10-03",-1.16504854368932
"1997-10-06",-0.785854616895874
"1997-10-07",0.297029702970297
"1997-10-08",-0.888450148075025
"1997-10-09",0.099601593625498
"1997-10-10",1.09452736318408
"1997-10-13",0.0984251968503937
"1997-10-14",1.76991150442478
"1997-10-15",-2.9951690821256
"1997-10-16",-0.099601593625498
"1997-10-17",0.398803589232303
"1997-10-20",-1.19165839126117
"1997-10-21",1.50753768844221
"1997-10-22",-1.78217821782178
"1997-10-23",-1.10887096774194
"1997-10-24",-0.917431192660551
"1997-10-27",-4.4238683127572
"1997-10-28",2.90635091496232
"1997-10-29",1.35983263598326
"1997-10-30",-1.44478844169247
"1997-10-31",0.31413612565445
"1997-11-03",5.63674321503132
"1997-11-04",-0.395256916996047
"1997-11-05",-0.694444444444444
"1997-11-06",4.3956043956044
"1997-11-07",0.287081339712919
"1997-11-10",1.14503816793893
"1997-11-11",-6.13207547169811
"1997-11-12",-1.00502512562814
"1997-11-13",-2.53807106598985
"1997-11-14",-0.104166666666667
"1997-11-17",1.66840458811262
"1997-11-18",-0.717948717948718
"1997-11-19",-0.723140495867769
"1997-11-20",0.832466181061394
"1997-11-21",1.03199174406605
"1997-11-24",-0.408580183861083
"1997-11-25",0
"1997-11-26",-0.717948717948718
"1997-11-28",0.206611570247934
"1997-12-01",1.34020618556701
"1997-12-02",-0.915564598168871
"1997-12-03",-1.23203285420945
"1997-12-04",-1.03950103950104
"1997-12-05",-1.05042016806723
"1997-12-08",-0.849256900212314
"1997-12-09",-0.535331905781585
"1997-12-10",-1.82992465016146
"1997-12-11",-2.41228070175439
"1997-12-12",-2.47191011235955
"1997-12-15",-0.230414746543779
"1997-12-16",0.69284064665127
"1997-12-17",3.6697247706422
"1997-12-18",2.65486725663717
"1997-12-19",0
"1997-12-22",-0.107758620689655
"1997-12-23",-0.539374325782093
"1997-12-24",0.433839479392625
"1997-12-26",-1.07991360691145
"1997-12-29",1.41921397379913
"1997-12-30",2.90635091496232
"1997-12-31",1.35983263598326
"1998-01-02",5.05675954592363
"1998-01-05",-0.982318271119843
"1998-01-06",2.28174603174603
"1998-01-07",0.484966052376334
"1998-01-08",-2.12355212355212
"1998-01-09",-1.4792899408284
"1998-01-12",0.4004004004004
"1998-01-13",-2.19341974077767
"1998-01-14",-2.95616717635066
"1998-01-15",-1.68067226890756
"1998-01-16",0.747863247863248
"1998-01-20",2.33297985153765
"1998-01-21",0
"1998-01-22",2.17616580310881
"1998-01-23",1.01419878296146
"1998-01-26",0.200803212851406
"1998-01-27",2.50501002004008
"1998-01-28",2.54154447702835
"1998-01-29",-0.190657769304099
"1998-01-30",-0.286532951289398
"1998-02-02",0
"1998-02-03",1.14942528735632
"1998-02-04",-0.852272727272727
"1998-02-05",-0.955109837631328
"1998-02-06",0.482160077145612
"1998-02-09",-0.575815738963532
"1998-02-10",1.54440154440154
"1998-02-11",1.42585551330798
"1998-02-12",0.28116213683224
"1998-02-13",0.0934579439252337
"1998-02-17",-0.280112044817927
"1998-02-18",-0.936329588014981
"1998-02-19",-1.70132325141777
"1998-02-20",1.44230769230769
"1998-02-23",-0.853080568720379
"1998-02-24",-0.573613766730402
"1998-02-25",0.961538461538462
"1998-02-26",-3.52380952380952
"1998-02-27",3.65251727541955
"1998-03-02",2.85714285714286
"1998-03-03",0
"1998-03-04",-1.48148148148148
"1998-03-05",-2.72556390977444
"1998-03-06",-0.193236714975845
"1998-03-09",-1.25847047434656
"1998-03-10",-1.07843137254902
"1998-03-11",-0.0991080277502478
"1998-03-12",-0.297619047619048
"1998-03-13",-3.28358208955224
"1998-03-16",2.98353909465021
"1998-03-17",-2.5974025974026
"1998-03-18",1.84615384615385
"1998-03-19",0.604229607250755
"1998-03-20",0.500500500500501
"1998-03-23",0.796812749003984
"1998-03-24",1.77865612648221
"1998-03-25",-1.06796116504854
"1998-03-26",-0.588812561334642
"1998-03-27",0.987166831194472
"1998-03-30",0.0977517106549365
"1998-03-31",1.3671875
"1998-04-01",1.54142581888247
"1998-04-02",0.759013282732448
"1998-04-03",-2.73069679849341
"1998-04-06",-0.677637947725073
"1998-04-07",-0.974658869395711
"1998-04-08",0.78740157480315
"1998-04-09",0.09765625
"1998-04-13",4.58536585365854
"1998-04-14",5.69029850746269
"1998-04-15",1.58870255957635
"1998-04-16",-0.347523892267593
"1998-04-17",-1.4821272885789
"1998-04-20",3.98230088495575
"1998-04-21",-2.12765957446809
"1998-04-22",2.34782608695652
"1998-04-23",-1.10450297366185
"1998-04-24",-0.77319587628866
"1998-04-27",-1.47186147186147
"1998-04-28",-1.5817223198594
"1998-04-29",2.23214285714286
"1998-04-30",0.873362445414847
"1998-05-01",1.64502164502165
"1998-05-04",3.83304940374787
"1998-05-05",-1.88679245283019
"1998-05-06",-1.75585284280936
"1998-05-07",-2.04255319148936
"1998-05-08",-0.52128583840139
"1998-05-11",0.524017467248908
"1998-05-12",-1.04257167680278
"1998-05-13",0.702370500438982
"1998-05-14",-1.5693112467306
"1998-05-15",-1.32860938883968
"1998-05-18",1.25673249551167
"1998-05-19",-0.354609929078014
"1998-05-20",0.622775800711744
"1998-05-21",-0.795755968169761
"1998-05-22",0.623885918003565
"1998-05-26",-0.354295837023915
"1998-05-27",0.0888888888888889
"1998-05-28",0.44404973357016
"1998-05-29",0.972590627763042
"1998-06-01",1.66374781085814
"1998-06-02",-1.80878552971576
"1998-06-03",-2.01754385964912
"1998-06-04",-1.16383169203223
"1998-06-05",0.815217391304348
"1998-06-08",1.07816711590297
"1998-06-09",2.13333333333333
"1998-06-10",-2.17580504786771
"1998-06-11",-1.15658362989324
"1998-06-12",0.63006300630063
"1998-06-15",-2.77280858676208
"1998-06-16",-0.919963201471941
"1998-06-17",1.20705663881151
"1998-06-18",-0.275229357798165
"1998-06-19",-1.19595216191352
"1998-06-22",0.186219739292365
"1998-06-23",-0.464684014869888
"1998-06-24",2.52100840336134
"1998-06-25",1.183970856102
"1998-06-26",0.99009900990099
"1998-06-29",0.71301247771836
"1998-06-30",3.45132743362832
"1998-07-01",0.171086398631309
"1998-07-02",0.170794192997438
"1998-07-06",0.255754475703325
"1998-07-07",-0.425170068027211
"1998-07-08",1.53714773697694
"1998-07-09",0.0841042893187553
"1998-07-10",-1.09243697478992
"1998-07-13",-0.594732370433305
"1998-07-14",0.854700854700855
"1998-07-15",11.864406779661
"1998-07-16",5.45454545454545
"1998-07-17",-0.862068965517241
"1998-07-20",2.2463768115942
"1998-07-21",-1.63004961020553
"1998-07-22",1.44092219020173
"1998-07-23",-3.40909090909091
"1998-07-24",-0.294117647058824
"1998-07-27",-0.884955752212389
"1998-07-28",-1.19047619047619
"1998-07-29",0.0753012048192771
"1998-07-30",2.93453724604966
"1998-07-31",-1.90058479532164
"1998-08-03",-2.83159463487332
"1998-08-04",-0.53680981595092
"1998-08-05",0.23130300693909
"1998-08-06",2.15384615384615
"1998-08-07",0.677710843373494
"1998-08-10",0.37397157816006
"1998-08-11",-1.63934426229508
"1998-08-12",-0.984848484848485
"1998-08-13",0.459066564651875
"1998-08-14",0.533130236100533
"1998-08-17",3.71212121212121
"1998-08-18",1.53396639883126
"1998-08-19",0.215827338129496
"1998-08-20",-1.14860014357502
"1998-08-21",-1.52505446623094
"1998-08-24",1.03244837758112
"1998-08-25",-0.145985401459854
"1998-08-26",1.0233918128655
"1998-08-27",-2.24312590448625
"1998-08-28",-3.40488527017024
"1998-08-31",-4.21455938697318
"1998-09-01",2.32
"1998-09-02",3.36200156372166
"1998-09-03",-0.75642965204236
"1998-09-04",-1.21951219512195
"1998-09-08",0.308641975308642
"1998-09-09",0.461538461538462
"1998-09-10",-3.21592649310873
"1998-09-11",-1.26582278481013
"1998-09-14",2.96474358974359
"1998-09-15",1.86770428015564
"1998-09-16",3.59052711993888
"1998-09-17",-1.17994100294985
"1998-09-18",1.49253731343284
"1998-09-21",0.441176470588235
"1998-09-22",-2.26939970717423
"1998-09-23",0.749063670411985
"1998-09-24",-2.00743494423792
"1998-09-25",-1.82094081942337
"1998-09-28",-2.16383307573416
"1998-09-29",-1.50078988941548
"1998-09-30",-1.36327185244587
"1998-10-01",-2.76422764227642
"1998-10-02",1.67224080267559
"1998-10-05",-1.48026315789474
"1998-10-06",1.75292153589316
"1998-10-07",1.4766201804758
"1998-10-08",1.94017784963622
"1998-10-09",4.12371134020619
"1998-10-12",1.82787509520183
"1998-10-13",-185.190725504862
"1998-10-14",-202.194907813872
"1998-10-15",2.4914089347079
"1998-10-16",0
"1998-10-19",-0.838222967309304
"1998-10-20",2.28233305156382
"1998-10-21",1.15702479338843
"1998-10-22",-2.53267973856209
"1998-10-23",-1.42497904442582
"1998-10-26",-0.510204081632653
"1998-10-27",2.05128205128205
"1998-10-28",-0.16750418760469
"1998-10-29",1.92953020134228
"1998-10-30",2.05761316872428
"1998-11-02",0.483870967741935
"1998-11-03",-2.48796147672552
"1998-11-04",0.740740740740741
"1998-11-05",0.245098039215686
"1998-11-06",1.71149144254279
"1998-11-09",1.5224358974359
"1998-11-10",-0.789265982636148
"1998-11-11",-1.03420843277645
"1998-11-12",-0.643086816720257
"1998-11-13",0.323624595469256
"1998-11-16",0.403225806451613
"1998-11-17",-3.29317269076305
"1998-11-18",1.0797342192691
"1998-11-19",0.164338537387017
"1998-11-20",0.656275635767022
"1998-11-23",-1.62999185004075
"1998-11-24",0.579950289975145
"1998-11-25",-1.07084019769358
"1998-11-27",-0.41631973355537
"1998-11-30",-2.84280936454849
"1998-12-01",0.344234079173838
"1998-12-02",0.428816466552316
"1998-12-03",-0.170794192997438
"1998-12-04",0.684345594525235
"1998-12-07",0.594732370433305
"1998-12-08",-1.09797297297297
"1998-12-09",-0.939368061485909
"1998-12-10",-0.517241379310345
"1998-12-11",-0.173310225303293
"1998-12-14",-1.5625
"1998-12-15",1.14638447971781
"1998-12-16",1.9180470793374
"1998-12-17",0.513259195893926
"1998-12-18",1.19148936170213
"1998-12-21",-0.756938603868797
"1998-12-22",-0.423728813559322
"1998-12-23",-0.170212765957447
"1998-12-24",-0.255754475703325
"1998-12-28",-1.1965811965812
"1998-12-29",0
"1998-12-30",-0.519031141868512
"1998-12-31",0.173913043478261
"1999-01-04",-1.12847222222222
"1999-01-05",0.438981562774364
"1999-01-06",2.62237762237762
"1999-01-07",-1.0221465076661
"1999-01-08",-0.430292598967298
"1999-01-11",4.06222990492653
"1999-01-12",5.81395348837209
"1999-01-13",-1.17739403453689
"1999-01-14",-10.4050833995234
"1999-01-15",-2.12765957446809
"1999-01-19",-0.36231884057971
"1999-01-20",-0.909090909090909
"1999-01-21",-4.22018348623853
"1999-01-22",0.383141762452107
"1999-01-25",-0.763358778625954
"1999-01-26",1.92307692307692
"1999-01-27",-2.45283018867925
"1999-01-28",-1.64410058027079
"1999-01-29",2.85152409046214
"1999-02-01",0.573613766730402
"1999-02-02",0.190114068441065
"1999-02-03",1.32827324478178
"1999-02-04",3.37078651685393
"1999-02-05",-0.36231884057971
"1999-02-08",-2
"1999-02-09",-2.13358070500928
"1999-02-10",-0.0947867298578199
"1999-02-11",-0.094876660341556
"1999-02-12",-0.664767331433998
"1999-02-16",-0.573613766730402
"1999-02-17",-1.05769230769231
"1999-02-18",-0.777453838678328
"1999-02-19",3.72184133202742
"1999-02-22",3.39943342776204
"1999-02-23",1.46118721461187
"1999-02-24",-0.72007200720072
"1999-02-25",-2.99184043517679
"1999-02-26",-1.02803738317757
"1999-03-01",-0.56657223796034
"1999-03-02",-1.13960113960114
"1999-03-03",-1.0566762728146
"1999-03-04",0.0970873786407767
"1999-03-05",1.06692531522793
"1999-03-08",0.479846449136276
"1999-03-09",0
"1999-03-10",0.286532951289398
"1999-03-11",1.52380952380952
"1999-03-12",0
"1999-03-15",0.187617260787992
"1999-03-16",1.40449438202247
"1999-03-17",0.646352723915051
"1999-03-18",-0.55045871559633
"1999-03-19",-1.4760147601476
"1999-03-22",-0.749063670411985
"1999-03-23",-0.943396226415094
"1999-03-24",-0.761904761904762
"1999-03-25",0.767754318618042
"1999-03-26",-0.571428571428571
"1999-03-29",0.574712643678161
"1999-03-30",-1.14285714285714
"1999-03-31",-1.54142581888247
"1999-04-01",0
"1999-04-05",-0.195694716242661
"1999-04-06",-1.27450980392157
"1999-04-07",-0.794438927507448
"1999-04-08",-0.800800800800801
"1999-04-09",1.61453077699294
"1999-04-12",0.099304865938431
"1999-04-13",1.19047619047619
"1999-04-14",0.784313725490196
"1999-04-15",3.59922178988327
"1999-04-16",9.67136150234742
"1999-04-19",2.3972602739726
"1999-04-20",0.919732441471572
"1999-04-21",-1.49130074565037
"1999-04-22",-1.42977291841884
"1999-04-23",0.938566552901024
"1999-04-26",3.63482671174979
"1999-04-27",1.30505709624796
"1999-04-28",-2.49597423510467
"1999-04-29",2.06440957886045
"1999-04-30",-3.23624595469256
"1999-05-03",0.668896321070234
"1999-05-04",3.32225913621263
"1999-05-05",-0.0803858520900322
"1999-05-06",0.402252614641995
"1999-05-07",1.04166666666667
"1999-05-10",0.158604282315623
"1999-05-11",-1.18764845605701
"1999-05-12",0.881410256410256
"1999-05-13",0.476568705321684
"1999-05-14",-1.81818181818182
"1999-05-17",-1.12721417069243
"1999-05-18",-3.42019543973941
"1999-05-19",0.421585160202361
"1999-05-20",1.51133501259446
"1999-05-21",-3.39123242349049
"1999-05-24",-2.05479452054794
"1999-05-25",-1.3986013986014
"1999-05-26",-0.443262411347518
"1999-05-27",-1.95903829029386
"1999-05-28",-1.72570390554042
"1999-06-01",-0.739371534195933
"1999-06-02",-0.465549348230912
"1999-06-03",0.841908325537886
"1999-06-04",0.927643784786642
"1999-06-07",3.21691176470588
"1999-06-08",-0.979519145146928
"1999-06-09",0.359712230215827
"1999-06-10",1.88172043010753
"1999-06-11",-0.527704485488127
"1999-06-14",-0.26525198938992
"1999-06-15",0.177304964539007
"1999-06-16",0.884955752212389
"1999-06-17",-0.789473684210526
"1999-06-18",0.618921308576481
"1999-06-21",0.527240773286467
"1999-06-22",0.0874125874125874
"1999-06-23",-0.436681222707424
"1999-06-24",-2.10526315789474
"1999-06-25",-0.3584229390681
"1999-06-28",1.34892086330935
"1999-06-29",-1.41969831410825
"1999-06-30",-2.43024302430243
"1999-07-01",2.85977859778598
"1999-07-02",1.25560538116592
"1999-07-06",-0.265721877767936
"1999-07-07",0.355239786856128
"1999-07-08",0.0884955752212389
"1999-07-09",0.618921308576481
"1999-07-12",2.3725834797891
"1999-07-13",-0.0858369098712446
"1999-07-14",0
"1999-07-15",-0.859106529209622
"1999-07-16",0
"1999-07-19",1.38648180242634
"1999-07-20",0.170940170940171
"1999-07-21",-0.341296928327645
"1999-07-22",-2.73972602739726
"1999-07-23",-0.792253521126761
"1999-07-26",-1.77462289263531
"1999-07-27",1.2646793134598
"1999-07-28",0.8028545941124
"1999-07-29",-1.41592920353982
"1999-07-30",-0.718132854578097
"1999-08-02",1.08499095840868
"1999-08-03",0.447227191413238
"1999-08-04",0.445235975066785
"1999-08-05",-0.531914893617021
"1999-08-06",1.33689839572193
"1999-08-09",2.19876868953386
"1999-08-10",-1.46299483648881
"1999-08-11",-0.349344978165939
"1999-08-12",-0.613496932515337
"1999-08-13",0.793650793650794
"1999-08-16",-0.612423447069116
"1999-08-17",2.8169014084507
"1999-08-18",-0.256849315068493
"1999-08-19",0.772532188841202
"1999-08-20",1.87393526405451
"1999-08-23",0
"1999-08-24",0.919732441471572
"1999-08-25",0.414250207125104
"1999-08-26",-0.0825082508250825
"1999-08-27",-0.660611065235343
"1999-08-30",0.249376558603491
"1999-08-31",-2.57048092868988
"1999-09-01",2.63829787234043
"1999-09-02",-2.81923714759536
"1999-09-03",0.938566552901024
"1999-09-07",0.169061707523246
"1999-09-08",-2.0253164556962
"1999-09-09",1.72265288544358
"1999-09-10",-1.01608806096528
"1999-09-13",3.9349871685201
"1999-09-14",2.55144032921811
"1999-09-15",-1.52487961476726
"1999-09-16",-0.733496332518337
"1999-09-17",-0.821018062397373
"1999-09-20",-0.745033112582781
"1999-09-21",-0.166805671392827
"1999-09-22",0.50125313283208
"1999-09-23",-1.82876142975894
"1999-09-24",-0.592718035563082
"1999-09-27",-0.425894378194208
"1999-09-28",-0.427715996578272
"1999-09-29",1.46048109965636
"1999-09-30",2.45554614733277
"1999-10-01",-0.495867768595041
"1999-10-04",2.24252491694352
"1999-10-05",-0.731112916328189
"1999-10-06",-0.0818330605564648
"1999-10-07",-1.14660114660115
"1999-10-08",-0.911350455675228
"1999-10-11",-0.0836120401337793
"1999-10-12",-3.01255230125523
"1999-10-13",-1.03537532355479
"1999-10-14",0.784655623365301
"1999-10-15",-1.90311418685121
"1999-10-18",-0.440917107583774
"1999-10-19",-0.177147918511957
"1999-10-20",-0.798580301685892
"1999-10-21",-2.77280858676208
"1999-10-22",1.01195952161914
"1999-10-25",-1.45719489981785
"1999-10-26",0.831792975970425
"1999-10-27",-0.458295142071494
"1999-10-28",1.56537753222836
"1999-10-29",0
"1999-11-01",1.63191296464189
"1999-11-02",-0.267618198037467
"1999-11-03",-0.447227191413238
"1999-11-04",-0.449236298292902
"1999-11-05",-0.812274368231047
"1999-11-08",-0.363967242948135
"1999-11-09",-1.36986301369863
"1999-11-10",-1.48148148148148
"1999-11-11",-0.093984962406015
"1999-11-12",0
"1999-11-15",-0.282220131702728
"1999-11-16",-0.566037735849057
"1999-11-17",1.13851992409867
"1999-11-18",-0.0938086303939962
"1999-11-19",-1.40845070422535
"1999-11-22",0.666666666666667
"1999-11-23",-3.2166508987701
"1999-11-24",0.293255131964809
"1999-11-26",0.584795321637427
"1999-11-29",-2.61627906976744
"1999-11-30",-1.49253731343284
"1999-12-01",1.01010101010101
"1999-12-02",-1.7
"1999-12-03",-2.13631739572737
"1999-12-06",1.97505197505198
"1999-12-07",0.101936799184506
"1999-12-08",-1.42566191446029
"1999-12-09",0.826446280991736
"1999-12-10",0.409836065573771
"1999-12-13",-0.306122448979592
"1999-12-14",-0.511770726714432
"1999-12-15",-0.720164609053498
"1999-12-16",-0.621761658031088
"1999-12-17",1.98123044838373
"1999-12-20",-2.14723926380368
"1999-12-21",-4.07523510971787
"1999-12-22",8.16993464052288
"1999-12-23",2.01409869083585
"1999-12-27",1.38203356367226
"1999-12-28",0.0973709834469328
"1999-12-29",3.50194552529183
"1999-12-30",-1.50375939849624
"1999-12-31",1.14503816793893
"2000-01-03",-2.54716981132075
"2000-01-04",-1.83930300096805
"2000-01-05",-1.08481262327416
"2000-01-06",1.49551345962114
"2000-01-07",-1.8664047151277
"2000-01-10",1.1011011011011
"2000-01-11",-2.57425742574257
"2000-01-12",-2.94715447154472
"2000-01-13",1.78010471204188
"2000-01-14",-0.308641975308642
"2000-01-18",-1.13519091847265
"2000-01-19",1.87891440501044
"2000-01-20",-0.204918032786885
"2000-01-21",-0.205338809034908
"2000-01-24",2.16049382716049
"2000-01-25",-0.503524672708963
"2000-01-26",-0.506072874493927
"2000-01-27",0.406917599186165
"2000-01-28",0.101317122593718
"2000-01-31",0.202429149797571
"2000-02-01",-1.31313131313131
"2000-02-02",0
"2000-02-03",3.58239508700102
"2000-02-04",0
"2000-02-07",-1.97628458498024
"2000-02-08",-0.604838709677419
"2000-02-09",-0.608519269776876
"2000-02-10",-2.95918367346939
"2000-02-11",-1.15667718191377
"2000-02-14",-1.06382978723404
"2000-02-15",-0.537634408602151
"2000-02-16",2.48648648648649
"2000-02-17",1.37130801687764
"2000-02-18",0.832466181061394
"2000-02-22",-1.03199174406605
"2000-02-23",1.56412930135558
"2000-02-24",-2.25872689938398
"2000-02-25",-2.73109243697479
"2000-02-28",-1.72786177105832
"2000-02-29",0.769230769230769
"2000-03-01",4.4711014176663
"2000-03-02",0
"2000-03-03",-0.417536534446764
"2000-03-06",-2.93501048218029
"2000-03-07",-3.99568034557235
"2000-03-08",1.5748031496063
"2000-03-09",-2.6578073089701
"2000-03-10",-1.70648464163823
"2000-03-13",0.810185185185185
"2000-03-14",-0.803673938002296
"2000-03-15",2.08333333333333
"2000-03-16",5.4421768707483
"2000-03-17",-1.18279569892473
"2000-03-20",0.544069640914037
"2000-03-21",0
"2000-03-22",-2.92207792207792
"2000-03-23",0.334448160535117
"2000-03-24",1.55555555555556
"2000-03-27",-2.62582056892779
"2000-03-28",-0.898876404494382
"2000-03-29",-0.566893424036281
"2000-03-30",1.48232611174458
"2000-03-31",-2.35955056179775
"2000-04-03",6.21403912543153
"2000-04-04",4.44203683640303
"2000-04-05",-0.4149377593361
"2000-04-06",1.66666666666667
"2000-04-07",1.22950819672131
"2000-04-10",1.82186234817814
"2000-04-11",-1.39165009940358
"2000-04-12",2.21774193548387
"2000-04-13",-1.57790927021696
"2000-04-14",-1.40280561122244
"2000-04-17",0.508130081300813
"2000-04-18",-5.35894843276036
"2000-04-19",1.28205128205128
"2000-04-20",-1.26582278481013
"2000-04-24",-1.28205128205128
"2000-04-25",2.5974025974026
"2000-04-26",-2.53164556962025
"2000-04-27",-0.649350649350649
"2000-04-28",-1.74291938997821
"2000-05-01",-0.554323725055432
"2000-05-02",-1.00334448160535
"2000-05-03",-1.91441441441441
"2000-05-04",-0.34443168771527
"2000-05-05",0.576036866359447
"2000-05-08",-1.83276059564719
"2000-05-09",0
"2000-05-10",0.816802800466744
"2000-05-11",2.66203703703704
"2000-05-12",1.24013528748591
"2000-05-15",2.00445434298441
"2000-05-16",-0.436681222707424
"2000-05-17",1.31578947368421
"2000-05-18",-0.757575757575758
"2000-05-19",-0.436205016357688
"2000-05-22",-0.657174151150055
"2000-05-23",1.54355016538037
"2000-05-24",1.73724212812161
"2000-05-25",-1.06723585912487
"2000-05-26",3.23624595469256
"2000-05-30",2.08986415882968
"2000-05-31",-2.14943705220061
"2000-06-01",0.836820083682008
"2000-06-02",-0.518672199170124
"2000-06-05",-0.72992700729927
"2000-06-06",-1.60188235294117
"2000-06-07",-1.68135347263595
"2000-06-08",-0.434310532030402
"2000-06-09",-0.654307524536532
"2000-06-12",2.30515916575192
"2000-06-13",0.858369098712446
"2000-06-14",2.5531914893617
"2000-06-15",0.933609958506224
"2000-06-16",-2.36382322713258
"2000-06-19",-0.105263157894737
"2000-06-20",-2.21285563751317
"2000-06-21",0.754310344827586
"2000-06-22",-0.962566844919786
"2000-06-23",2.05183585313175
"2000-06-26",2.22222222222222
"2000-06-27",-0.31055900621118
"2000-06-28",0.103842159916926
"2000-06-29",0.20746887966805
"2000-06-30",-1.44927536231884
"2000-07-03",1.05042016806723
"2000-07-05",0.311850311850312
"2000-07-06",0.518134715025907
"2000-07-07",0.309278350515464
"2000-07-10",0.411099691675231
"2000-07-11",-1.02354145342886
"2000-07-12",-0.413650465356774
"2000-07-13",-0.311526479750779
"2000-07-14",1.875
"2000-07-17",-0.204498977505113
"2000-07-18",-3.48360655737705
"2000-07-19",0.318471337579618
"2000-07-20",1.37566137566138
"2000-07-21",-3.13152400835073
"2000-07-24",-3.87931034482759
"2000-07-25",-0.224215246636771
"2000-07-26",-1.12359550561798
"2000-07-27",0
"2000-07-28",0.340909090909091
"2000-07-31",-0.566251415628539
"2000-08-01",4.89749430523918
"2000-08-02",0.325732899022801
"2000-08-03",0
"2000-08-04",-1.40692640692641
"2000-08-07",2.08562019758507
"2000-08-08",4.08602150537634
"2000-08-09",0.826446280991736
"2000-08-10",0.717213114754098
"2000-08-11",0.406917599186165
"2000-08-14",2.33029381965552
"2000-08-15",-0.099009900990099
"2000-08-16",0.693756194251734
"2000-08-17",2.95275590551181
"2000-08-18",-0.956022944550669
"2000-08-21",-1.15830115830116
"2000-08-22",1.07421875
"2000-08-23",-1.15942028985507
"2000-08-24",0.586510263929619
"2000-08-25",1.26336248785228
"2000-08-28",-1.72744721689059
"2000-08-29",-1.46484375
"2000-08-30",-0.991080277502478
"2000-08-31",-0.3003003003003
"2000-09-01",0.803212851405622
"2000-09-05",0.697211155378486
"2000-09-06",-1.18694362017804
"2000-09-07",0.800800800800801
"2000-09-08",0.099304865938431
"2000-09-11",-1.58730158730159
"2000-09-12",-0.806451612903226
"2000-09-13",-0.813008130081301
"2000-09-14",3.07377049180328
"2000-09-15",-0.099403578528827
"2000-09-18",-3.28358208955224
"2000-09-19",-0.617283950617284
"2000-09-20",-2.0703933747412
"2000-09-21",-2.11416490486258
"2000-09-22",0.647948164146868
"2000-09-25",1.28755364806867
"2000-09-26",-24.7881355932203
"2000-09-27",-4.08450704225352
"2000-09-28",-3.08370044052863
"2000-09-29",-0.909090909090909
"2000-10-02",1.07033639143731
"2000-10-03",0
"2000-10-04",-1.96671709531014
"2000-10-05",-0.308641975308642
"2000-10-06",-2.32198142414861
"2000-10-09",2.06022187004754
"2000-10-10",0
"2000-10-11",0.93167701863354
"2000-10-12",-2.76923076923077
"2000-10-13",-1.42405063291139
"2000-10-16",-0.321027287319422
"2000-10-17",-6.11916264090177
"2000-10-18",4.97427101200686
"2000-10-19",-3.26797385620915
"2000-10-20",1.35135135135135
"2000-10-23",4.16666666666667
"2000-10-24",1.12
"2000-10-25",2.84810126582278
"2000-10-26",2.30769230769231
"2000-10-27",1.50375939849624
"2000-10-30",5.18518518518519
"2000-10-31",1.12676056338028
"2000-11-01",0.696378830083565
"2000-11-02",3.59612724757953
"2000-11-03",-0.133511348464619
"2000-11-06",0.133689839572192
"2000-11-07",2.26969292389853
"2000-11-08",-0.783289817232376
"2000-11-09",0.526315789473684
"2000-11-10",-1.43979057591623
"2000-11-13",-0.398406374501992
"2000-11-14",0.4
"2000-11-15",1.46082337317397
"2000-11-16",-1.96335078534031
"2000-11-17",-1.60213618157543
"2000-11-20",-4.47761194029851
"2000-11-21",0
"2000-11-22",-0.426136363636364
"2000-11-24",0.855920114122682
"2000-11-27",-0.565770862800566
"2000-11-28",-4.97866287339972
"2000-11-29",1.94610778443114
"2000-11-30",-1.3215859030837
"2000-12-01",-2.5297619047619
"2000-12-04",1.6793893129771
"2000-12-05",-2.55255255255255
"2000-12-06",-5.70107858243451
"2000-12-07",3.10457516339869
"2000-12-08",-1.10935023771791
"2000-12-11",1.44230769230769
"2000-12-12",3.7914691943128
"2000-12-13",-3.65296803652968
"2000-12-14",-1.57977883096366
"2000-12-15",-1.92616372391653
"2000-12-18",0.654664484451719
"2000-12-19",-2.11382113821138
"2000-12-20",-0.996677740863787
"2000-12-21",3.85906040268456
"2000-12-22",0.484652665589661
"2000-12-26",-2.41157556270096
"2000-12-27",2.47116968698517
"2000-12-28",3.37620578778135
"2000-12-29",-2.02177293934681
"2001-01-02",-2.22222222222222
"2001-01-03",5.19480519480519
"2001-01-04",7.87037037037037
"2001-01-05",-3.86266094420601
"2001-01-08",-3.27380952380952
"2001-01-09",2.46153846153846
"2001-01-10",-0.3003003003003
"2001-01-11",0.602409638554217
"2001-01-12",-2.09580838323353
"2001-01-16",1.07033639143731
"2001-01-17",1.36157337367625
"2001-01-18",-1.34328358208955
"2001-01-19",-1.0590015128593
"2001-01-22",3.05810397553517
"2001-01-23",-0.148367952522255
"2001-01-24",-0.445765230312036
"2001-01-25",-0.149253731343284
"2001-01-26",-0.298953662182362
"2001-01-29",1.08545727136432
"2001-01-30",2.2781205505458
"2001-01-31",1.20649651972157
"2001-02-01",0.160476845483724
"2001-02-02",-1.62508583199817
"2001-02-05",4.2810609585854
"2001-02-06",-0.178491744756801
"2001-02-07",1.3857845328565
"2001-02-08",-0.661375661375655
"2001-02-09",-0.599201065246345
"2001-02-12",0.915382897968305
"2001-02-13",1.06194690265486
"2001-02-14",-0.481611208406302
"2001-02-15",-1.34183897932248
"2001-02-16",-2.22965440356745
"2001-02-20",-2.05245153933865
"2001-02-21",-2.23515715948778
"2001-02-22",3.04834484401048
"2001-02-23",2.68084122948925
"2001-02-26",3.44361917623228
"2001-02-27",-0.174064403829413
"2001-02-28",-1.91804707933741
"2001-03-01",-0.399999999999999
"2001-03-02",-1.87416331994646
"2001-03-05",0.727603456116417
"2001-03-06",0.225733634311516
"2001-03-07",2.45495495495496
"2001-03-08",1.38491976258517
"2001-03-09",-2.601908065915
"2001-03-12",-1.78094390026715
"2001-03-13",-0.362647325475967
"2001-03-14",-4.27661510464059
"2001-03-15",2.68536121673004
"2001-03-16",-2.4299930571627
"2001-03-19",1.04364326375713
"2001-03-20",-2.67605633802817
"2001-03-21",-1.08538350217077
"2001-03-22",-0.975371860521821
"2001-03-23",0.172371337109087
"2001-03-26",0.0983284169124856
"2001-03-27",-1.1787819253438
"2001-03-28",-1.09343936381711
"2001-03-29",2.71356783919599
"2001-03-30",-2.42172211350294
"2001-04-02",-0.25068939583856
"2001-04-03",-3.56873586328224
"2001-04-04",-0.0521240552514882
"2001-04-05",5.0586701434159
"2001-04-06",-2.03524447753785
"2001-04-09",2.78692677983279
"2001-04-10",5.42272615232931
"2001-04-11",0.0935234977788149
"2001-04-12",-0.770847932726011
"2001-04-16",2.40112994350283
"2001-04-17",-2.29885057471264
"2001-04-18",2.47058823529411
"2001-04-19",1.49253731343285
"2001-04-20",-2.48868778280543
"2001-04-23",0.44083526682134
"2001-04-24",-1.68630168630168
"2001-04-25",2.18515037593985
"2001-04-26",-1.21867095884112
"2001-04-27",-1.69925512104284
"2001-04-30",3.00734075301919
"2001-05-01",0.919540229885054
"2001-05-02",4.10022779043281
"2001-05-03",-0.656455142231957
"2001-05-04",0.837004405286349
"2001-05-07",2.14067278287461
"2001-05-08",2.22412318220701
"2001-05-09",-0.20920502092049
"2001-05-10",-0.985324947589111
"2001-05-11",-0.508151598560226
"2001-05-14",0.12768674185996
"2001-05-15",0.467587672688642
"2001-05-16",1.98857626401523
"2001-05-17",0.248911014312378
"2001-05-18",0.351748396441137
"2001-05-21",0.5360824742268
"2001-05-22",-1.35356849876948
"2001-05-23",-1.45530145530146
"2001-05-24",-0.569620253164549
"2001-05-25",0.0424358158285509
"2001-05-29",3.54188759278898
"2001-05-30",-3.19541171650963
"2001-05-31",0.148116800677106
"2001-06-01",1.37333615043313
"2001-06-04",0.750312630262623
"2001-06-05",1.48944973107157
"2001-06-06",-0.428047289033838
"2001-06-07",-0.184237461617202
"2001-06-08",-1.14848236259228
"2001-06-11",0.186721991701237
"2001-06-12",0.352039759784638
"2001-06-13",-2.9508873297565
"2001-06-14",-1.25451839251542
"2001-06-15",0.645994832041353
"2001-06-18",-0.064184852374842
"2001-06-19",0.449582530507388
"2001-06-20",1.34271099744245
"2001-06-21",3.49106203995795
"2001-06-22",-0.772200772200777
"2001-06-25",-3.80913372926479
"2001-06-26",-0.745156482861404
"2001-06-27",-2.83140283140283
"2001-06-28",2.64900662251656
"2001-06-29",0.387096774193548
"2001-07-02",0.257069408740354
"2001-07-03",-0.897435897435886
"2001-07-05",-0.582147477360938
"2001-07-06",-2.25547603556712
"2001-07-09",0.332815620146436
"2001-07-10",-0.530738611233972
"2001-07-11",-2.08981769675411
"2001-07-12",3.51952770208902
"2001-07-13",0.307084887036616
"2001-07-16",-2.25235075442815
"2001-07-17",2.97539149888143
"2001-07-18",-1.56419726265479
"2001-07-19",0.684175678658122
"2001-07-20",-0.241122314774221
"2001-07-23",-1.99956053614589
"2001-07-24",-0.919282511210771
"2001-07-25",-0.113147770988905
"2001-07-26",0.249207068418667
"2001-07-27",-2.14689265536724
"2001-07-30",-1.15473441108545
"2001-07-31",1.19158878504674
"2001-08-01",0.09235742322789
"2001-08-02",0.322952710495964
"2001-08-03",0.390894458496194
"2001-08-06",-0.778744846541448
"2001-08-07",0.369344413665735
"2001-08-08",-0.827966881324746
"2001-08-09",0.672541743970314
"2001-08-10",0.552868002764345
"2001-08-13",0.572737686139748
"2001-08-14",-0.34168564920273
"2001-08-15",0.75428571428571
"2001-08-16",1.02087114337569
"2001-08-17",-0.359308331461944
"2001-08-20",1.7579445571332
"2001-08-21",-1.08527131782946
"2001-08-22",2.41827138378864
"2001-08-23",0.0437254044599826
"2001-08-24",2.22902097902099
"2001-08-27",-0.256519880290732
"2001-08-28",-1.45735105015002
"2001-08-29",-0.0217485863418835
"2001-08-30",-1.97955188166195
"2001-08-31",-0.865512649800267
"2001-09-04",1.34318334452653
"2001-09-05",-0.15462778882262
"2001-09-06",-0.309734513274338
"2001-09-07",0.244118952507766
"2001-09-10",-4.29488598627409
"2001-09-17",-5.78302105019662
"2001-09-18",-2.20967345936656
"2001-09-19",-5.57368817474265
"2001-09-20",-13.3741026322787
"2001-09-21",-4.32780847145487
"2001-09-24",1.79659929419313
"2001-09-25",3.75039394894422
"2001-09-26",-2.06561360874848
"2001-09-27",-0.527295285359807
"2001-09-28",1.43436233239788
"2001-10-01",-0.153704272978802
"2001-10-02",1.50862068965518
"2001-10-03",3.06339096148013
"2001-10-04",-0.02942907592701
"2001-10-05",-0.147188695908146
"2001-10-08",-2.12264150943396
"2001-10-09",-2.04819277108434
"2001-10-10",4.08979089790897
"2001-10-11",4.84490398818316
"2001-10-12",0
"2001-10-15",-1.40884756269372
"2001-10-16",0.400114318376681
"2001-10-17",-2.64730999146029
"2001-10-18",0.0292397660818655
"2001-10-19",0.0876936568254929
"2001-10-22",0.350467289719619
"2001-10-23",-0.552968568102438
"2001-10-24",-10.1258413813287
"2001-10-25",1.88863562357538
"2001-10-26",-0.767018216682641
"2001-10-29",-3.80032206119163
"2001-10-30",-6.93003013056579
"2001-10-31",-8.02158273381295
"2001-11-01",4.81032459913962
"2001-11-02",-8.0223880597015
"2001-11-05",5.59837728194727
"2001-11-06",1.22935074913561
"2001-11-07",-0.872865275142316
"2001-11-08",1.0719754977029
"2001-11-09",-0.946969696969697
"2001-11-12",0.420650095602306
"2001-11-13",0.761614623000759
"2001-11-14",3.09901738473167
"2001-11-15",4.91202346041056
"2001-11-16",2.13137665967854
"2001-11-19",4.61854259322613
"2001-11-20",-2.19097449313276
"2001-11-21",-3.00902708124373
"2001-11-23",2.68872802481902
"2001-11-26",0.704934541792551
"2001-11-27",-0.0666666666666653
"2001-11-28",-2.16811207471648
"2001-11-29",0.579611319468127
"2001-11-30",2.61016949152542
"2001-12-03",0.693756194251737
"2001-12-04",3.70734908136483
"2001-12-05",0.506168933881683
"2001-12-06",-0.0629524708844809
"2001-12-07",0.251968503937002
"2001-12-10",-0.282752120640904
"2001-12-11",-2.42596093257719
"2001-12-12",0.452050371327093
"2001-12-13",-1.96078431372549
"2001-12-14",0.262295081967208
"2001-12-17",0.85022890778287
"2001-12-18",1.16731517509727
"2001-12-19",-1.76282051282052
"2001-12-20",-0.554649265905377
"2001-12-21",3.6745406824147
"2001-12-24",-3.35443037974684
"2001-12-26",0.130975769482643
"2001-12-27",-0.130804447351207
"2001-12-28",-0.196463654223964
"2001-12-31",-3.44488188976378
"2002-01-02",-0.407747196738026
"2002-01-03",0.204708290685781
"2002-01-04",-1.63432073544433
"2002-01-07",-3.288335064036
"2002-01-08",3.32856120257695
"2002-01-09",-1.73190162798753
"2002-01-10",-0.951709552344024
"2002-01-11",-3.27402135231317
"2002-01-14",-0.2943340691685
"2002-01-15",-0.959409594095947
"2002-01-16",-2.01192250372578
"2002-01-17",2.05323193916349
"2002-01-18",-2.19821162444113
"2002-01-22",-0.495238095238091
"2002-01-23",1.45482388973966
"2002-01-24",6.56603773584905
"2002-01-25",1.13314447592068
"2002-01-28",0.735294117647062
"2002-01-29",-3.99721932568647
"2002-01-30",3.25850832729905
"2002-01-31",-0.42075736325386
"2002-02-01",-0.528169014084502
"2002-02-04",-2.12389380530974
"2002-02-05",-0.759493670886066
"2002-02-06",-0.327988338192419
"2002-02-07",-0.109689213893971
"2002-02-08",0.475841874084916
"2002-02-11",0.546448087431702
"2002-02-12",0.289855072463762
"2002-02-13",1.40895953757226
"2002-02-14",3.84752404702529
"2002-02-15",1.50943396226416
"2002-02-19",-0.0675904021628914
"2002-02-20",3.88907676699357
"2002-02-21",-0.130208333333331
"2002-02-22",-1.04302477183833
"2002-02-25",3.98550724637681
"2002-02-26",1.1403230915426
"2002-02-27",-0.845599749451925
"2002-02-28",-0.505369551484524
"2002-03-01",2.98412698412698
"2002-03-04",3.23674475955612
"2002-03-05",-4.29979098238281
"2002-03-06",1.18564742589704
"2002-03-07",-1.35676842429849
"2002-03-08",0.500156298843389
"2002-03-11",-0.311041990668745
"2002-03-12",-0.156006240249601
"2002-03-13",-3.125
"2002-03-14",4.35483870967742
"2002-03-15",-1.08191653786708
"2002-03-18",-0.156250000000002
"2002-03-19",0.156494522691708
"2002-03-20",-0.312500000000004
"2002-03-21",-0.846394984326018
"2002-03-22",1.45431552323745
"2002-03-25",-0.997195387971342
"2002-03-26",-1.38495435945861
"2002-03-27",-1.05330354293009
"2002-03-28",0.548387096774199
"2002-04-01",-0.384985563041389
"2002-04-02",-0.161030595813207
"2002-04-03",-1.25806451612903
"2002-04-04",0.065338124795817
"2002-04-05",1.69768201110023
"2002-04-08",-0.353130016051363
"2002-04-09",4.47809278350516
"2002-04-10",5.76626580326857
"2002-04-11",-1.13702623906706
"2002-04-12",-1.17959304040106
"2002-04-15",1.49209191286183
"2002-04-16",-0.0882093501911236
"2002-04-17",-0.706297822248366
"2002-04-18",-0.563129816241864
"2002-04-19",0.0894187779433715
"2002-04-22",1.57832042882669
"2002-04-23",2.22808560539431
"2002-04-24",-2.66704903928879
"2002-04-25",-2.23924572775486
"2002-04-26",-1.74804098854731
"2002-04-29",-1.87116564417179
"2002-04-30",0.687714910909667
"2002-05-01",0.993480285625583
"2002-05-02",-1.01444820166
"2002-05-03",4.5031055900621
"2002-05-06",-2.5854383358098
"2002-05-07",0.854179377669314
"2002-05-08",4.20447670901392
"2002-05-09",0.580551523947738
"2002-05-10",-1.01010101010101
"2002-05-13",-2.12827988338192
"2002-05-14",-1.10217456061959
"2002-05-15",1.77710843373493
"2002-05-16",-0.0591891092038947
"2002-05-17",3.13888066331062
"2002-05-20",-0.803904679873676
"2002-05-21",1.62083936324169
"2002-05-22",-1.11079464540017
"2002-05-23",0.748847926267275
"2002-05-24",0.743281875357362
"2002-05-28",0.0283768444948865
"2002-05-29",-1.02127659574468
"2002-05-30",-2.78016623674405
"2002-05-31",-1.91627358490566
"2002-06-03",-3.66696723775175
"2002-06-04",-1.59126365054602
"2002-06-05",0.856055802155991
"2002-06-06",-1.22602955045582
"2002-06-07",-1.17759388924252
"2002-06-10",0.61191626409017
"2002-06-11",-2.04865556978232
"2002-06-12",-0.0653594771241932
"2002-06-13",-1.96206671026814
"2002-06-14",-1.50100066711141
"2002-06-17",3.58956992888587
"2002-06-18",1.27492644655116
"2002-06-19",-0.581020012911555
"2002-06-20",-0.616883116883121
"2002-06-21",-4.11630186213655
"2002-06-24",0.0340715502555298
"2002-06-25",-2.28201634877384
"2002-06-26",0.0348553502962635
"2002-06-27",1.04529616724739
"2002-06-28",0.58620689655173
"2002-07-01",-3.29105245114844
"2002-07-02",-0.531726338177959
"2002-07-03",-3.24305060584462
"2002-07-05",5.70902394106814
"2002-07-08",-2.36933797909408
"2002-07-09",-3.64025695931477
"2002-07-10",-1.33333333333333
"2002-07-11",11.036036036036
"2002-07-12",-2.29885057471264
"2002-07-15",1.93771626297579
"2002-07-16",-2.91921249151392
"2002-07-17",-1.25874125874127
"2002-07-18",1.62889518413598
"2002-07-19",-3.13588850174216
"2002-07-22",-1.6906474820144
"2002-07-23",-1.17087449688985
"2002-07-24",5.10921880784894
"2002-07-25",-1.02148643888693
"2002-07-26",1.77935943060498
"2002-07-29",6.95804195804195
"2002-07-30",1.60183066361556
"2002-07-31",-0.965250965250956
"2002-08-01",-0.714749837556863
"2002-08-02",-4.35209424083769
"2002-08-05",-2.77112555593568
"2002-08-06",1.68895144264601
"2002-08-07",1.79930795847752
"2002-08-08",2.95717199184228
"2002-08-09",0.46219874546055
"2002-08-12",-0.098586920801844
"2002-08-13",-2.13815789473684
"2002-08-14",0.605042016806722
"2002-08-15",1.03575008352823
"2002-08-16",-0.694444444444436
"2002-08-19",0.799200799200794
"2002-08-20",-0.132144037000328
"2002-08-21",1.19086999669203
"2002-08-22",2.97482837528604
"2002-08-23",-0.0634920634920621
"2002-08-26",0.317662007623881
"2002-08-27",-1.83660544648511
"2002-08-28",0.516129032258065
"2002-08-29",-1.41206675224647
"2002-08-30",-0.585937499999999
"2002-09-03",-4.55140798952194
"2002-09-04",0.617495711835333
"2002-09-05",-3.61404705080122
"2002-09-06",0.707463742483195
"2002-09-09",2.80997541271514
"2002-09-10",-0.580799453365214
"2002-09-11",-0.824742268041244
"2002-09-12",-2.91060291060291
"2002-09-13",1.21341898643826
"2002-09-16",-0.528913963328627
"2002-09-17",-2.12690535271181
"2002-09-18",2.82506338283231
"2002-09-19",-1.65551250440295
"2002-09-20",-4.62034383954156
"2002-09-23",1.99023657529103
"2002-09-24",-0.405007363770248
"2002-09-25",4.4731977818854
"2002-09-26",2.54777070063694
"2002-09-27",-3.93374741200828
"2002-09-30",-2.15517241379311
"2002-10-01",2.5330396475771
"2002-10-02",-2.43465807375582
"2002-10-03",0.183486238532113
"2002-10-04",-1.61172161172162
"2002-10-07",-3.72300819061802
"2002-10-08",3.20959010054138
"2002-10-09",-1.87336080929187
"2002-10-10",5.34555173730431
"2002-10-11",3.15331641899239
"2002-10-14",2.95151089248067
"2002-10-15",3.58361774744028
"2002-10-16",0
"2002-10-17",6.88632619439867
"2002-10-18",-0.493218249075205
"2002-10-21",3.09789343246592
"2002-10-22",0.45072115384615
"2002-10-23",1.16661681124738
"2002-10-24",0.916617386162041
"2002-10-25",1.20128918839729
"2002-10-28",-0.260567458019677
"2002-10-29",-0.75471698113209
"2002-10-30",-2.33986545773617
"2002-10-31",-1.31775980832584
"2002-11-01",1.91198786039452
"2002-11-04",2.59082787373438
"2002-11-05",0.290275761973859
"2002-11-06",1.70767004341535
"2002-11-07",-2.24815025611838
"2002-11-08",-0.727802037845706
"2002-11-11",-1.81818181818183
"2002-11-12",1.07526881720432
"2002-11-13",-0.236406619385359
"2002-11-14",1.59952606635071
"2002-11-15",1.28279883381926
"2002-11-18",-1.32412204951065
"2002-11-19",-0.262543757292892
"2002-11-20",1.28692600175491
"2002-11-21",4.88016170950043
"2002-11-22",2.50550660792951
"2002-11-25",-1.10126242277732
"2002-11-26",-0.0271591526344324
"2002-11-27",1.3311600108666
"2002-11-29",-1.01876675603216
"2002-12-02",-0.514626218851584
"2002-12-03",-2.23250748706779
"2002-12-04",0.501253132832099
"2002-12-05",0.443336104183975
"2002-12-06",1.13103448275861
"2002-12-09",-0.600109110747406
"2002-12-10",1.45444566410538
"2002-12-11",3.38111982688667
"2002-12-12",-2.48560962846676
"2002-12-13",-1.2342366514623
"2002-12-16",1.54849225753871
"2002-12-17",0
"2002-12-18",-0.561797752808991
"2002-12-19",-3.28221684153887
"2002-12-20",1.27955493741306
"2002-12-23",0
"2002-12-24",-1.67536391101346
"2002-12-26",0.921787709497222
"2002-12-27",-1.35621367284805
"2002-12-30",-0.30864197530864
"2002-12-31",-1.37911623979736
"2003-01-02",2.28310502283106
"2003-01-03",4.43638392857142
"2003-01-06",3.31285065455518
"2003-01-07",1.2671321437807
"2003-01-08",-0.357507660878431
"2003-01-09",2.63967196309583
"2003-01-10",0.474406991260936
"2003-01-13",-0.720675944333994
"2003-01-14",0.0750938673341528
"2003-01-15",-2.10105052526262
"2003-01-16",-0.843127235564635
"2003-01-17",-0.515331100231906
"2003-01-21",-2.64180264180263
"2003-01-22",-11.731843575419
"2003-01-23",-0.542495479204339
"2003-01-24",-2.78787878787879
"2003-01-27",-3.30423940149626
"2003-01-28",-1.54738878143134
"2003-01-29",-1.2770137524558
"2003-01-30",-0.829187396351575
"2003-01-31",1.33779264214048
"2003-02-03",4.29042904290429
"2003-02-04",-1.4240506329114
"2003-02-05",0.353130016051374
"2003-02-06",-2.27127319257838
"2003-02-07",-1.80032733224223
"2003-02-10",0
"2003-02-11",0.166666666666669
"2003-02-12",-0.366056572379366
"2003-02-13",-0.267201068804281
"2003-02-14",2.47823174815808
"2003-02-18",1.1437908496732
"2003-02-19",-1.22778675282714
"2003-02-20",-0.621524370297682
"2003-02-21",-1.18499012508229
"2003-02-24",-2.2651565622918
"2003-02-25",0.204498977505108
"2003-02-26",-0.54421768707483
"2003-02-27",0.95759233926129
"2003-02-28",0.271002710027107
"2003-03-03",-0.506756756756764
"2003-03-04",-1.56196943972836
"2003-03-05",1.89720593308038
"2003-03-06",-1.18483412322274
"2003-03-07",0.959232613908864
"2003-03-10",-2.40922972514421
"2003-03-11",-0.208623087621705
"2003-03-12",-3.55400696864111
"2003-03-13",4.55202312138729
"2003-03-14",-0.760193503800976
"2003-03-17",5.43175487465182
"2003-03-18",-0.297225891677675
"2003-03-19",1.98741305067903
"2003-03-20",-0.0324780772978175
"2003-03-21",3.44379467186484
"2003-03-24",-4.64824120603015
"2003-03-25",0.131752305665346
"2003-03-26",0.493421052631586
"2003-03-27",0.327332242225852
"2003-03-28",-0.554649265905377
"2003-03-31",-2.88713910761155
"2003-04-01",1.24999999999999
"2003-04-02",3.20320320320321
"2003-04-03",-0.355641771742643
"2003-04-04",1.23296560674886
"2003-04-07",1.41025641025641
"2003-04-08",0.474083438685204
"2003-04-09",-1.82447310474992
"2003-04-10",0.44857417494393
"2003-04-11",0.0318979266347624
"2003-04-14",1.59438775510204
"2003-04-15",-0.596359070935335
"2003-04-16",-1.73665929902116
"2003-04-17",0.931876606683802
"2003-04-21",-0.286532951289398
"2003-04-22",1.05363984674329
"2003-04-23",-5.21327014218009
"2003-04-24",-0.333333333333338
"2003-04-25",-2.04013377926421
"2003-04-28",2.56060088767497
"2003-04-29",0.699067909454064
"2003-04-30",-1.12396694214876
"2003-05-01",-0.0668672684720815
"2003-05-02",1.50552024088324
"2003-05-05",1.35135135135135
"2003-05-06",1.10569105691057
"2003-05-07",-1.19009327758122
"2003-05-08",-0.878906249999999
"2003-05-09",-0.591133004926107
"2003-05-12",0.42946812025107
"2003-05-13",-0.921052631578939
"2003-05-14",-0.564409030544494
"2003-05-15",0.233722871452422
"2003-05-16",0.766155896069289
"2003-05-19",-1.88429752066116
"2003-05-20",-0.64016172506739
"2003-05-21",-1.28857239742285
"2003-05-22",1.44280316042598
"2003-05-23",2.53979004402303
"2003-05-27",4.88771466314399
"2003-05-28",-0.0944584382871572
"2003-05-29",-5.42073747242357
"2003-05-30",2.09930023325558
"2003-06-02",1.17493472584856
"2003-06-03",0.19354838709677
"2003-06-04",0.837089504185453
"2003-06-05",-0.223499361430397
"2003-06-06",0.0960000000000036
"2003-06-09",-1.69437340153453
"2003-06-10",0.487804878048776
"2003-06-11",0.90614886731392
"2003-06-12",-0.224502886465684
"2003-06-13",-0.900032144005147
"2003-06-16",2.30295167045086
"2003-06-17",1.42675967025998
"2003-06-18",-10.0656455142232
"2003-06-19",-0.312825860271115
"2003-06-20",-0.662482566248261
"2003-06-23",-2.49210249210248
"2003-06-24",-0.359971202303821
"2003-06-25",-1.55346820809248
"2003-06-26",2.20183486238533
"2003-06-27",-1.18491921005387
"2003-06-30",-0.617732558139528
"2003-07-01",0
"2003-07-02",-0.365630712979895
"2003-07-03",0.440366972477068
"2003-07-07",1.02301790281329
"2003-07-08",-1.12115732368896
"2003-07-09",-0.14630577907827
"2003-07-10",-1.46520146520147
"2003-07-11",-0.817843866171
"2003-07-14",0.637181409295359
"2003-07-15",-1.08007448789573
"2003-07-16",0.150602409638564
"2003-07-17",-1.05263157894737
"2003-07-18",-0.0759878419452871
"2003-07-21",-3.42205323193917
"2003-07-22",-3.18897637795275
"2003-07-23",9.23139487596584
"2003-07-24",-2.2338049143708
"2003-07-25",4.72201066260472
"2003-07-28",0.618181818181824
"2003-07-29",0.867365377665336
"2003-07-30",0.501612325331424
"2003-07-31",-1.49732620320856
"2003-08-01",-0.289540354686928
"2003-08-04",-0.18148820326679
"2003-08-05",-2.1090909090909
"2003-08-06",1.52303120356611
"2003-08-07",0.073179656055628
"2003-08-08",-0.182815356489948
"2003-08-11",0.183150183150186
"2003-08-12",-0.219378427787943
"2003-08-13",-0.293147673140338
"2003-08-14",-0.88202866593165
"2003-08-15",0.593251761216167
"2003-08-18",0.552893475856993
"2003-08-19",3.2258064516129
"2003-08-20",0.248579545454546
"2003-08-21",1.09812256464753
"2003-08-22",-1.29642606867553
"2003-08-25",-1.52644657436991
"2003-08-26",0.144196106705129
"2003-08-27",0.683945284377242
"2003-08-28",-1.46585627457991
"2003-08-29",1.19738751814224
"2003-09-02",6.84833273574758
"2003-09-03",-0.570469798657724
"2003-09-04",-1.11373607829902
"2003-09-05",-1.70648464163823
"2003-09-08",-0.138888888888886
"2003-09-09",-1.98191933240612
"2003-09-10",-1.4544164597375
"2003-09-11",0.215982721382285
"2003-09-12",-0.395114942528734
"2003-09-15",0.432744320230801
"2003-09-16",1.11310592459605
"2003-09-17",-1.13636363636364
"2003-09-18",-0.395114942528734
"2003-09-19",0.252434186801299
"2003-09-22",0.539568345323736
"2003-09-23",-0.715563506261178
"2003-09-24",-2.73873873873874
"2003-09-25",-17.9325676176362
"2003-09-26",-3.38600451467269
"2003-09-29",-2.14953271028036
"2003-09-30",0
"2003-10-01",-0.0477554918815738
"2003-10-02",-2.05446727185858
"2003-10-03",4.58536585365854
"2003-10-06",-0.419776119402984
"2003-10-07",-1.17096018735363
"2003-10-08",1.09004739336491
"2003-10-09",1.45335208626349
"2003-10-10",3.28096118299446
"2003-10-13",2.63982102908277
"2003-10-14",-0.26155187445511
"2003-10-15",-0.786713286713286
"2003-10-16",2.95154185022027
"2003-10-17",-0.51347881899872
"2003-10-20",-0.559139784946232
"2003-10-21",2.24913494809688
"2003-10-22",-1.60744500846023
"2003-10-23",-1.11779879621669
"2003-10-24",0.782608695652173
"2003-10-27",1.16479723899914
"2003-10-28",0.724946695095956
"2003-10-29",3.34462320067739
"2003-10-30",-0.409668168783291
"2003-10-31",0.493624023035792
"2003-11-03",-0.900532132623819
"2003-11-04",0.413052457662114
"2003-11-05",0.658165364047718
"2003-11-06",0.449530036779728
"2003-11-07",1.70870626525631
"2003-11-10",-2.40000000000001
"2003-11-11",-0.491803278688514
"2003-11-12",3.21252059308072
"2003-11-13",-0.758180367118906
"2003-11-14",-0.924809006835547
"2003-11-17",-0.689935064935072
"2003-11-18",-0.531262770739677
"2003-11-19",0.69843878389483
"2003-11-20",-1.99918400652796
"2003-11-21",1.74854288093256
"2003-11-24",0.327332242225852
"2003-11-25",-1.06035889070146
"2003-11-26",0.577081615828512
"2003-11-28",-0.163934426229505
"2003-12-01",-0.410509031198678
"2003-12-02",-1.31904369332234
"2003-12-03",-0.751879699248119
"2003-12-04",0.589225589225577
"2003-12-05",-0.836820083682006
"2003-12-08",1.30801687763714
"2003-12-09",-0.999583506872145
"2003-12-10",-0.504838031131683
"2003-12-11",0.930232558139545
"2003-12-12",-0.879765395894432
"2003-12-15",-0.887573964497045
"2003-12-16",0.639658848614082
"2003-12-17",0.423728813559313
"2003-12-18",-0.548523206751051
"2003-12-19",4.20025456088247
"2003-12-22",-0.0407166123778421
"2003-12-23",1.87372708757638
"2003-12-24",-0.159936025589775
"2003-12-26",-0.480576692030426
"2003-12-29",1.69014084507042
"2003-12-30",0.277008310249309
"2003-12-31",1.30228887134965
"2004-01-02",-1.44137125048695
"2004-01-05",1.50197628458498
"2004-01-06",2.57009345794393
"2004-01-07",0
"2004-01-08",1.67046317388004
"2004-01-09",0.448095593726652
"2004-01-12",-2.11895910780669
"2004-01-13",0.113938473224463
"2004-01-14",-0.379362670713194
"2004-01-15",-0.723533891850728
"2004-01-16",-0.268507863444573
"2004-01-20",1.34615384615385
"2004-01-21",4.21252371916508
"2004-01-22",12.7093954843409
"2004-01-23",-3.45718901453958
"2004-01-26",0.401606425702815
"2004-01-27",-0.366666666666665
"2004-01-28",-2.54265640682503
"2004-01-29",-0.75523515276347
"2004-01-30",-1.72950536146662
"2004-02-02",0.668778599084834
"2004-02-03",2.37762237762238
"2004-02-04",-0.887978142076508
"2004-02-05",-0.206753962784282
"2004-02-06",1.38121546961325
"2004-02-09",0.374659400544957
"2004-02-10",-0.067865626060399
"2004-02-11",-0.271646859083186
"2004-02-12",-0.749063670411993
"2004-02-13",-0.411663807890214
"2004-02-17",0.137788494660693
"2004-02-18",-0.825593395252845
"2004-02-19",0.450919181408264
"2004-02-20",-0.725138121546964
"2004-02-23",-0.208695652173909
"2004-02-24",-1.21993726036947
"2004-02-25",2.18772053634439
"2004-02-26",-1.17403314917127
"2004-02-27",-0.279524807826701
"2004-03-01",1.71688857743519
"2004-03-02",-4.06476059249053
"2004-03-03",-0.0359066427289105
"2004-03-04",0.682471264367821
"2004-03-05",-0.85622547270782
"2004-03-08",-3.45448002878734
"2004-03-09",-1.75177040626164
"2004-03-10",-0.986342943854317
"2004-03-11",-2.56704980842912
"2004-03-12",3.14589068029886
"2004-03-15",-1.94433854365231
"2004-03-16",-1.0108864696734
"2004-03-17",1.53181461115475
"2004-03-18",-1.08317214700194
"2004-03-19",0.469299960891674
"2004-03-22",-1.94628260023355
"2004-03-23",-0.238189757840422
"2004-03-24",-1.31317150815757
"2004-03-25",3.06451612903225
"2004-03-26",-0.0782472613458512
"2004-03-29",0.587314017227886
"2004-03-30",0.9342156481121
"2004-03-31",0.925568839182422
"2004-04-01",-4.08865112724494
"2004-04-02",0.278884462151396
"2004-04-05",0.119189511322994
"2004-04-06",1.38888888888889
"2004-04-07",-0.234833659491203
"2004-04-08",-0.196155355041182
