"","Dates","Close.Price","Returns"
"1","1991/02/01",343.049988,-0.3
"2","1991/02/04",348.339996,1.5
"18","1991/02/27",367.73999,1.4
"19","1991/02/28",367.070007,-0.2
"20","1991/03/01",370.470001,0.9
"21","1991/03/04",369.329987,-0.3
"38","1991/03/27",375.350006,-0.3
"39","1991/03/28",375.220001,0
"40","1991/04/01",371.299988,-1
"41","1991/04/02",379.5,2.2
"60","1991/04/29",373.660004,-1.4
"61","1991/04/30",375.339996,0.4
"62","1991/05/01",380.290009,1.3
"63","1991/05/02",380.519989,0.1
"82","1991/05/30",386.959991,1.1
"83","1991/05/31",389.829987,0.7
"84","1991/06/03",388.059998,-0.5
"85","1991/06/04",387.73999,-0.1
"102","1991/06/27",374.399994,0.8
"103","1991/06/28",371.160004,-0.9
"104","1991/07/01",377.920013,1.8
"105","1991/07/02",377.470001,-0.1
"124","1991/07/30",386.690002,0.9
"125","1991/07/31",387.809998,0.3
"126","1991/08/01",387.119995,-0.2
"127","1991/08/02",387.179993,0
"146","1991/08/29",396.470001,0
"147","1991/08/30",395.429993,-0.3
"148","1991/09/03",392.149994,-0.8
"149","1991/09/04",389.970001,-0.6
"166","1991/09/27",385.899994,-0.2
"167","1991/09/30",387.859985,0.5
"168","1991/10/01",389.200012,0.3
"169","1991/10/02",388.26001,-0.2
"189","1991/10/30",392.959991,0.4
"190","1991/10/31",392.450012,-0.1
"191","1991/11/01",391.320007,-0.3
"192","1991/11/04",390.279999,-0.3
"209","1991/11/27",376.549988,-0.4
"210","1991/11/29",375.220001,-0.4
"211","1991/12/02",381.399994,1.6
"212","1991/12/03",380.959991,-0.1
"230","1991/12/30",415.140015,2.1
"231","1991/12/31",417.089996,0.5
"232","1992/01/02",417.26001,0
"233","1992/01/03",419.339996,0.5
"252","1992/01/30",411.619995,0.3
"253","1992/01/31",408.779999,-0.7
"254","1992/02/03",409.529999,0.2
"255","1992/02/04",413.850006,1.1
"271","1992/02/27",413.859985,-0.4
"272","1992/02/28",412.700012,-0.3
"273","1992/03/02",412.450012,-0.1
"274","1992/03/03",412.850006,0.1
"293","1992/03/30",403,-0.1
"294","1992/03/31",403.690002,0.2
"295","1992/04/01",404.230011,0.1
"296","1992/04/02",400.5,-0.9
"314","1992/04/29",412.019989,0.7
"315","1992/04/30",414.950012,0.7
"316","1992/05/01",412.529999,-0.6
"317","1992/05/04",416.910004,1.1
"334","1992/05/28",416.73999,1.1
"335","1992/05/29",415.350006,-0.3
"336","1992/06/01",417.299988,0.5
"337","1992/06/02",413.5,-0.9
"356","1992/06/29",408.940002,1.4
"357","1992/06/30",408.140015,-0.2
"358","1992/07/01",412.880005,1.2
"359","1992/07/02",411.769989,-0.3
"378","1992/07/30",423.920013,0.4
"379","1992/07/31",424.209991,0.1
"380","1992/08/03",425.089996,0.2
"381","1992/08/04",424.359985,-0.2
"399","1992/08/28",414.839996,0.3
"400","1992/08/31",414.029999,-0.2
"401","1992/09/01",416.070007,0.5
"402","1992/09/02",417.980011,0.5
"420","1992/09/29",416.799988,0
"421","1992/09/30",417.799988,0.2
"422","1992/10/01",416.290009,-0.4
"423","1992/10/02",410.470001,-1.4
"442","1992/10/29",420.859985,0.2
"443","1992/10/30",418.679993,-0.5
"444","1992/11/02",422.75,1
"445","1992/11/03",419.920013,-0.7
"462","1992/11/27",430.160004,0.2
"463","1992/11/30",431.350006,0.3
"464","1992/12/01",430.779999,-0.1
"465","1992/12/02",429.890015,-0.2
"484","1992/12/30",438.820007,0.2
"485","1992/12/31",435.709991,-0.7
"486","1993/01/04",435.380005,-0.1
"487","1993/01/05",434.339996,-0.2
"504","1993/01/28",438.660004,0.1
"505","1993/01/29",438.779999,0
"506","1993/02/01",442.519989,0.9
"507","1993/02/02",442.549988,0
"523","1993/02/25",442.339996,0.3
"524","1993/02/26",443.380005,0.2
"525","1993/03/01",442.01001,-0.3
"526","1993/03/02",447.899994,1.3
"546","1993/03/30",451.970001,0.3
"547","1993/03/31",451.670013,-0.1
"548","1993/04/01",450.299988,-0.3
"549","1993/04/02",441.390015,-2
"567","1993/04/29",438.890015,0.2
"568","1993/04/30",440.190002,0.3
"569","1993/05/03",442.459991,0.5
"570","1993/05/04",444.049988,0.4
"587","1993/05/27",452.410004,-0.2
"588","1993/05/28",450.190002,-0.5
"589","1993/06/01",453.829987,0.8
"590","1993/06/02",453.850006,0
"609","1993/06/29",450.690002,-0.3
"610","1993/06/30",450.529999,0
"611","1993/07/01",449.019989,-0.3
"612","1993/07/02",445.839996,-0.7
"630","1993/07/29",450.23999,0.7
"631","1993/07/30",448.130005,-0.5
"632","1993/08/02",450.149994,0.5
"633","1993/08/03",449.269989,-0.2
"652","1993/08/30",461.899994,0.3
"653","1993/08/31",463.559998,0.4
"654","1993/09/01",463.149994,-0.1
"655","1993/09/02",461.299988,-0.4
"673","1993/09/29",460.109985,-0.3
"674","1993/09/30",458.929993,-0.3
"675","1993/10/01",461.279999,0.5
"676","1993/10/04",461.339996,0
"694","1993/10/28",467.730011,0.7
"695","1993/10/29",467.829987,0
"696","1993/11/01",469.100006,0.3
"697","1993/11/02",468.440002,-0.1
"715","1993/11/29",461.899994,-0.3
"716","1993/11/30",461.790009,0
"717","1993/12/01",461.890015,0
"718","1993/12/02",463.109985,0.3
"737","1993/12/30",468.640015,-0.4
"738","1993/12/31",466.450012,-0.5
"739","1994/01/03",465.440002,-0.2
"740","1994/01/04",466.890015,0.3
"758","1994/01/28",478.700012,0.3
"759","1994/01/31",481.609985,0.6
"760","1994/02/01",479.619995,-0.4
"761","1994/02/02",482,0.5
"777","1994/02/25",466.070007,0.4
"778","1994/02/28",467.140015,0.2
"779","1994/03/01",464.440002,-0.6
"780","1994/03/02",464.809998,0.1
"800","1994/03/30",445.549988,-1.5
"801","1994/03/31",445.769989,0
"802","1994/04/04",438.920013,-1.5
"803","1994/04/05",448.290009,2.1
"819","1994/04/28",449.100006,-0.6
"820","1994/04/29",450.910004,0.4
"821","1994/05/02",453.019989,0.5
"822","1994/05/03",453.029999,0
"840","1994/05/27",457.329987,0.1
"841","1994/05/31",456.5,-0.2
"842","1994/06/01",457.630005,0.2
"843","1994/06/02",457.649994,0
"862","1994/06/29",447.630005,0.3
"863","1994/06/30",444.269989,-0.8
"864","1994/07/01",446.200012,0.4
"865","1994/07/05",446.369995,0
"882","1994/07/28",454.23999,0.4
"883","1994/07/29",458.26001,0.9
"884","1994/08/01",461.01001,0.6
"885","1994/08/02",460.559998,-0.1
"905","1994/08/30",476.070007,0.3
"906","1994/08/31",475.48999,-0.1
"907","1994/09/01",473.170013,-0.5
"908","1994/09/02",470.98999,-0.5
"926","1994/09/29",462.23999,-0.6
"927","1994/09/30",462.709991,0.1
"928","1994/10/03",461.73999,-0.2
"929","1994/10/04",454.589996,-1.5
"947","1994/10/28",473.769989,1.7
"948","1994/10/31",472.350006,-0.3
"949","1994/11/01",468.420013,-0.8
"950","1994/11/02",466.51001,-0.4
"968","1994/11/29",455.170013,0.2
"969","1994/11/30",453.690002,-0.3
"970","1994/12/01",448.920013,-1.1
"971","1994/12/02",453.299988,1
"989","1994/12/29",461.170013,0.1
"990","1994/12/30",459.269989,-0.4
"991","1995/01/03",459.109985,0
"992","1995/01/04",460.709991,0.3
"1010","1995/01/30",468.51001,-0.4
"1011","1995/01/31",470.420013,0.4
"1012","1995/02/01",470.399994,0
"1013","1995/02/02",472.790009,0.5
"1029","1995/02/27",483.809998,-0.9
"1030","1995/02/28",487.390015,0.7
"1031","1995/03/01",485.649994,-0.4
"1032","1995/03/02",485.130005,-0.1
"1052","1995/03/30",502.220001,-0.2
"1053","1995/03/31",500.709991,-0.3
"1054","1995/04/03",501.850006,0.2
"1055","1995/04/04",505.23999,0.7
"1071","1995/04/27",513.549988,0.2
"1072","1995/04/28",514.710022,0.2
"1073","1995/05/01",514.26001,-0.1
"1074","1995/05/02",514.859985,0.1
"1093","1995/05/30",523.580017,0
"1094","1995/05/31",533.400024,1.9
"1095","1995/06/01",533.48999,0
"1096","1995/06/02",532.51001,-0.2
"1115","1995/06/29",543.869995,-0.2
"1116","1995/06/30",544.75,0.2
"1117","1995/07/03",547.090027,0.4
"1118","1995/07/05",547.26001,0
"1135","1995/07/28",562.929993,-0.4
"1136","1995/07/31",562.059998,-0.2
"1137","1995/08/01",559.640015,-0.4
"1138","1995/08/02",558.799988,-0.2
"1158","1995/08/30",560.919983,0.2
"1159","1995/08/31",561.880005,0.2
"1160","1995/09/01",563.840027,0.3
"1161","1995/09/05",569.169983,0.9
"1178","1995/09/28",585.869995,0.8
"1179","1995/09/29",584.409973,-0.2
"1180","1995/10/02",581.719971,-0.5
"1181","1995/10/03",582.340027,0.1
"1200","1995/10/30",583.25,0.6
"1201","1995/10/31",581.5,-0.3
"1202","1995/11/01",584.219971,0.5
"1203","1995/11/02",589.719971,0.9
"1221","1995/11/29",607.640015,0.2
"1222","1995/11/30",605.369995,-0.4
"1223","1995/12/01",606.97998,0.3
"1224","1995/12/04",613.679993,1.1
"1241","1995/12/28",614.119995,-0.1
"1242","1995/12/29",615.929993,0.3
"1243","1996/01/02",620.72998,0.8
"1244","1996/01/03",621.320007,0.1
"1263","1996/01/30",630.150024,0.9
"1264","1996/01/31",636.02002,0.9
"1265","1996/02/01",638.460022,0.4
"1266","1996/02/02",635.840027,-0.4
"1283","1996/02/28",644.75,-0.4
"1284","1996/02/29",640.429993,-0.7
"1285","1996/03/01",644.369995,0.6
"1286","1996/03/04",650.809998,1
"1304","1996/03/28",648.940002,0
"1305","1996/03/29",645.5,-0.5
"1306","1996/04/01",653.72998,1.3
"1307","1996/04/02",655.26001,0.2
"1325","1996/04/29",654.159973,0.1
"1326","1996/04/30",654.169983,0
"1327","1996/05/01",654.580017,0.1
"1328","1996/05/02",643.380005,-1.7
"1347","1996/05/30",671.700012,0.6
"1348","1996/05/31",669.119995,-0.4
"1349","1996/06/03",667.679993,-0.2
"1350","1996/06/04",672.559998,0.7
"1367","1996/06/27",668.549988,0.6
"1368","1996/06/28",670.630005,0.3
"1369","1996/07/01",675.880005,0.8
"1370","1996/07/02",673.609985,-0.3
"1389","1996/07/30",635.26001,0.7
"1390","1996/07/31",639.950012,0.7
"1391","1996/08/01",650.02002,1.6
"1392","1996/08/02",662.48999,1.9
"1411","1996/08/29",657.400024,-1.1
"1412","1996/08/30",651.98999,-0.8
"1413","1996/09/03",654.719971,0.4
"1414","1996/09/04",655.609985,0.1
"1431","1996/09/27",686.190002,0
"1432","1996/09/30",687.330017,0.2
"1433","1996/10/01",689.080017,0.3
"1434","1996/10/02",694.01001,0.7
"1454","1996/10/30",700.900024,-0.1
"1455","1996/10/31",705.27002,0.6
"1456","1996/11/01",703.77002,-0.2
"1457","1996/11/04",706.72998,0.4
"1474","1996/11/27",755,-0.1
"1475","1996/11/29",757.02002,0.3
"1476","1996/12/02",756.559998,-0.1
"1477","1996/12/03",748.280029,-1.1
"1495","1996/12/30",753.849976,-0.4
"1496","1996/12/31",740.73999,-1.7
"1497","1997/01/02",737.01001,-0.5
"1498","1997/01/03",748.030029,1.5
"1517","1997/01/30",784.169983,1.5
"1518","1997/01/31",786.159973,0.3
"1519","1997/02/03",786.72998,0.1
"1520","1997/02/04",789.26001,0.3
"1536","1997/02/27",795.070007,-1.3
"1537","1997/02/28",790.820007,-0.5
"1538","1997/03/03",795.309998,0.6
"1539","1997/03/04",790.950012,-0.5
"1556","1997/03/27",773.880005,-2.1
"1557","1997/03/31",757.119995,-2.2
"1558","1997/04/01",759.640015,0.3
"1559","1997/04/02",750.109985,-1.3
"1578","1997/04/29",794.049988,2.7
"1579","1997/04/30",801.340027,0.9
"1580","1997/05/01",798.530029,-0.4
"1581","1997/05/02",812.969971,1.8
"1599","1997/05/29",844.080017,-0.4
"1600","1997/05/30",848.280029,0.5
"1601","1997/06/02",846.359985,-0.2
"1602","1997/06/03",845.47998,-0.1
"1620","1997/06/27",887.299988,0.4
"1621","1997/06/30",885.140015,-0.2
"1622","1997/07/01",891.030029,0.7
"1623","1997/07/02",904.030029,1.5
"1642","1997/07/30",952.289978,1.1
"1643","1997/07/31",954.309998,0.2
"1644","1997/08/01",947.140015,-0.8
"1645","1997/08/04",950.299988,0.3
"1663","1997/08/28",903.669983,-1.1
"1664","1997/08/29",899.469971,-0.5
"1665","1997/09/02",927.580017,3.1
"1666","1997/09/03",927.859985,0
"1684","1997/09/29",953.340027,0.9
"1685","1997/09/30",947.280029,-0.6
"1686","1997/10/01",955.409973,0.9
"1687","1997/10/02",960.460022,0.5
"1707","1997/10/30",903.679993,-1.7
"1708","1997/10/31",914.619995,1.2
"1709","1997/11/03",938.98999,2.7
"1710","1997/11/04",940.76001,0.2
"1726","1997/11/26",951.640015,0.1
"1727","1997/11/28",955.400024,0.4
"1728","1997/12/01",974.77002,2
"1729","1997/12/02",971.679993,-0.3
"1748","1997/12/30",970.840027,1.8
"1749","1997/12/31",970.429993,0
"1750","1998/01/02",975.039978,0.5
"1751","1998/01/05",977.070007,0.2
"1768","1998/01/29",985.48999,0.8
"1769","1998/01/30",980.280029,-0.5
"1770","1998/02/02",1001.27002,2.1
"1771","1998/02/03",1006,0.5
"1787","1998/02/26",1048.670044,0.6
"1788","1998/02/27",1049.339966,0.1
"1789","1998/03/02",1047.699951,-0.2
"1790","1998/03/03",1052.02002,0.4
"1809","1998/03/30",1093.599976,-0.2
"1810","1998/03/31",1101.75,0.7
"1811","1998/04/01",1108.150024,0.6
"1812","1998/04/02",1120.01001,1.1
"1830","1998/04/29",1094.619995,0.9
"1831","1998/04/30",1111.75,1.6
"1832","1998/05/01",1121,0.8
"1833","1998/05/04",1122.069946,0.1
"1850","1998/05/28",1097.599976,0.5
"1851","1998/05/29",1090.819946,-0.6
"1852","1998/06/01",1090.97998,0
"1853","1998/06/02",1093.219971,0.2
"1872","1998/06/29",1138.48999,0.5
"1873","1998/06/30",1133.839966,-0.4
"1874","1998/07/01",1148.560059,1.3
"1875","1998/07/02",1146.420044,-0.2
"1894","1998/07/30",1142.949951,1.6
"1895","1998/07/31",1120.670044,-1.9
"1896","1998/08/03",1112.439941,-0.7
"1897","1998/08/04",1072.119995,-3.6
"1915","1998/08/28",1027.140015,-1.5
"1916","1998/08/31",957.280029,-6.8
"1917","1998/09/01",994.26001,3.9
"1918","1998/09/02",990.47998,-0.4
"1936","1998/09/29",1049.02002,0
"1937","1998/09/30",1017.01001,-3.1
"1938","1998/10/01",986.390015,-3
"1939","1998/10/02",1002.599976,1.6
"1958","1998/10/29",1085.930054,1.7
"1959","1998/10/30",1098.670044,1.2
"1960","1998/11/02",1111.599976,1.2
"1961","1998/11/03",1110.839966,-0.1
"1978","1998/11/27",1192.329956,0.5
"1979","1998/11/30",1163.630005,-2.4
"1980","1998/12/01",1175.280029,1
"1981","1998/12/02",1171.25,-0.3
"2000","1998/12/30",1231.930054,-0.8
"2001","1998/12/31",1229.22998,-0.2
"2002","1999/01/04",1228.099976,-0.1
"2003","1999/01/05",1244.780029,1.4
"2019","1999/01/28",1265.369995,1.8
"2020","1999/01/29",1279.640015,1.1
"2021","1999/02/01",1273,-0.5
"2022","1999/02/02",1261.98999,-0.9
"2038","1999/02/25",1245.02002,-0.7
"2039","1999/02/26",1238.329956,-0.5
"2040","1999/03/01",1236.160034,-0.2
"2041","1999/03/02",1225.5,-0.9
"2061","1999/03/30",1300.75,-0.7
"2062","1999/03/31",1286.369995,-1.1
"2063","1999/04/01",1293.719971,0.6
"2064","1999/04/05",1321.119995,2.1
"2082","1999/04/29",1342.829956,-0.6
"2083","1999/04/30",1335.180054,-0.6
"2084","1999/05/03",1354.630005,1.5
"2085","1999/05/04",1332,-1.7
"2102","1999/05/27",1281.410034,-1.8
"2103","1999/05/28",1301.839966,1.6
"2104","1999/06/01",1294.26001,-0.6
"2105","1999/06/02",1294.810059,0
"2124","1999/06/29",1351.449951,1.5
"2125","1999/06/30",1372.709961,1.6
"2126","1999/07/01",1380.959961,0.6
"2127","1999/07/02",1391.219971,0.7
"2145","1999/07/29",1341.030029,-1.8
"2146","1999/07/30",1328.719971,-0.9
"2147","1999/08/02",1328.050049,-0.1
"2148","1999/08/03",1322.180054,-0.4
"2167","1999/08/30",1324.02002,-1.8
"2168","1999/08/31",1320.410034,-0.3
"2169","1999/09/01",1331.069946,0.8
"2170","1999/09/02",1319.109985,-0.9
"2188","1999/09/29",1268.369995,-1.1
"2189","1999/09/30",1282.709961,1.1
"2190","1999/10/01",1282.810059,0
"2191","1999/10/04",1304.599976,1.7
"2209","1999/10/28",1342.439941,3.5
"2210","1999/10/29",1362.930054,1.5
"2211","1999/11/01",1354.119995,-0.6
"2212","1999/11/02",1347.73999,-0.5
"2230","1999/11/29",1407.829956,-0.6
"2231","1999/11/30",1388.910034,-1.3
"2232","1999/12/01",1397.719971,0.6
"2233","1999/12/02",1409.040039,0.8
"2252","1999/12/30",1464.469971,0.1
"2253","1999/12/31",1469.25,0.3
"2254","2000/01/03",1455.219971,-1
"2255","2000/01/04",1399.420044,-3.8
"2272","2000/01/28",1360.160034,-2.7
"2273","2000/01/31",1394.459961,2.5
"2274","2000/02/01",1409.280029,1.1
"2275","2000/02/02",1409.119995,0
"2292","2000/02/28",1348.050049,1.1
"2293","2000/02/29",1366.420044,1.4
"2294","2000/03/01",1379.189941,0.9
"2295","2000/03/02",1381.76001,0.2
"2315","2000/03/30",1487.920044,-1.4
"2316","2000/03/31",1498.579956,0.7
"2317","2000/04/03",1505.969971,0.5
"2318","2000/04/04",1494.72998,-0.7
"2334","2000/04/27",1464.920044,0.3
"2335","2000/04/28",1452.430054,-0.9
"2336","2000/05/01",1468.25,1.1
"2337","2000/05/02",1446.290039,-1.5
"2356","2000/05/30",1422.449951,3.2
"2357","2000/05/31",1420.599976,-0.1
"2358","2000/06/01",1448.810059,2
"2359","2000/06/02",1477.26001,2
"2378","2000/06/29",1442.390015,-0.9
"2379","2000/06/30",1454.599976,0.8
"2380","2000/07/03",1469.540039,1
"2381","2000/07/05",1446.22998,-1.6
"2398","2000/07/28",1419.890015,-2.1
"2399","2000/07/31",1430.829956,0.8
"2400","2000/08/01",1438.099976,0.5
"2401","2000/08/02",1438.699951,0
"2421","2000/08/30",1502.589966,-0.5
"2422","2000/08/31",1517.680054,1
"2423","2000/09/01",1520.77002,0.2
"2424","2000/09/05",1507.079956,-0.9
"2441","2000/09/28",1458.290039,2.2
"2442","2000/09/29",1436.51001,-1.5
"2443","2000/10/02",1436.22998,0
"2444","2000/10/03",1426.459961,-0.7
"2463","2000/10/30",1398.660034,1.4
"2464","2000/10/31",1429.400024,2.2
"2465","2000/11/01",1421.219971,-0.6
"2466","2000/11/02",1428.319946,0.5
"2484","2000/11/29",1341.930054,0.4
"2485","2000/11/30",1314.949951,-2
"2486","2000/12/01",1315.22998,0
"2487","2000/12/04",1324.969971,0.7
"2504","2000/12/28",1334.219971,0.4
"2505","2000/12/29",1320.280029,-1
"2506","2001/01/02",1283.27002,-2.8
"2507","2001/01/03",1347.560059,5
"2525","2001/01/30",1373.72998,0.7
"2526","2001/01/31",1366.01001,-0.6
"2527","2001/02/01",1373.469971,0.5
"2528","2001/02/02",1349.469971,-1.7
"2544","2001/02/27",1257.939941,-0.8
"2545","2001/02/28",1239.939941,-1.4
"2546","2001/03/01",1241.22998,0.1
"2547","2001/03/02",1234.180054,-0.6
"2566","2001/03/29",1147.949951,-0.5
"2567","2001/03/30",1160.329956,1.1
"2568","2001/04/02",1145.869995,-1.2
"2569","2001/04/03",1106.459961,-3.4
"2586","2001/04/27",1253.050049,1.5
"2587","2001/04/30",1249.459961,-0.3
"2588","2001/05/01",1266.439941,1.4
"2589","2001/05/02",1267.430054,0.1
"2608","2001/05/30",1248.079956,-1.6
"2609","2001/05/31",1255.819946,0.6
"2610","2001/06/01",1260.670044,0.4
"2611","2001/06/04",1267.109985,0.5
"2629","2001/06/28",1226.199951,1.2
"2630","2001/06/29",1224.380005,-0.1
"2631","2001/07/02",1236.719971,1
"2632","2001/07/03",1234.449951,-0.2
"2650","2001/07/30",1204.52002,-0.1
"2651","2001/07/31",1211.22998,0.6
"2652","2001/08/01",1215.930054,0.4
"2653","2001/08/02",1220.75,0.4
"2673","2001/08/30",1129.030029,-1.7
"2674","2001/08/31",1133.579956,0.4
"2675","2001/09/04",1132.939941,-0.1
"2676","2001/09/05",1131.73999,-0.1
"2688","2001/09/27",1018.609985,1.1
"2689","2001/09/28",1040.939941,2.2
"2690","2001/10/01",1038.550049,-0.2
"2691","2001/10/02",1051.329956,1.2
"2711","2001/10/30",1059.790039,-1.7
"2712","2001/10/31",1059.780029,0
"2713","2001/11/01",1084.099976,2.3
"2714","2001/11/02",1087.199951,0.3
"2732","2001/11/29",1140.199951,1
"2733","2001/11/30",1139.449951,-0.1
"2734","2001/12/03",1129.900024,-0.8
"2735","2001/12/04",1144.800049,1.3
"2752","2001/12/28",1161.02002,0.3
"2753","2001/12/31",1148.079956,-1.1
"2754","2002/01/02",1154.670044,0.6
"2755","2002/01/03",1165.27002,0.9
"2773","2002/01/30",1113.569946,1.2
"2774","2002/01/31",1130.199951,1.5
"2775","2002/02/01",1122.199951,-0.7
"2776","2002/02/04",1094.439941,-2.5
"2792","2002/02/27",1109.890015,0
"2793","2002/02/28",1106.72998,-0.3
"2794","2002/03/01",1131.780029,2.3
"2795","2002/03/04",1153.839966,1.9
"2812","2002/03/27",1144.579956,0.5
"2813","2002/03/28",1147.390015,0.2
"2814","2002/04/01",1146.540039,-0.1
"2815","2002/04/02",1136.76001,-0.9
"2834","2002/04/29",1065.449951,-1
"2835","2002/04/30",1076.920044,1.1
"2836","2002/05/01",1086.459961,0.9
"2837","2002/05/02",1084.560059,-0.2
"2856","2002/05/30",1064.660034,-0.3
"2857","2002/05/31",1067.140015,0.2
"2858","2002/06/03",1040.680054,-2.5
"2859","2002/06/04",1040.689941,0
"2876","2002/06/27",990.640015,1.8
"2877","2002/06/28",989.820007,-0.1
"2878","2002/07/01",968.650024,-2.1
"2879","2002/07/02",948.090027,-2.1
"2898","2002/07/30",902.780029,0.4
"2899","2002/07/31",911.619995,1
"2900","2002/08/01",884.659973,-3
"2901","2002/08/02",864.23999,-2.3
"2920","2002/08/29",917.799988,0
"2921","2002/08/30",916.070007,-0.2
"2922","2002/09/03",878.02002,-4.2
"2923","2002/09/04",893.400024,1.8
"2940","2002/09/27",827.369995,-3.2
"2941","2002/09/30",815.280029,-1.5
"2942","2002/10/01",847.909973,4
"2943","2002/10/02",827.909973,-2.4
"2963","2002/10/30",890.710022,1
"2964","2002/10/31",885.76001,-0.6
"2965","2002/11/01",900.960022,1.7
"2966","2002/11/04",908.349976,0.8
"2983","2002/11/27",938.869995,2.8
"2984","2002/11/29",936.309998,-0.3
"2985","2002/12/02",934.530029,-0.2
"2986","2002/12/03",920.75,-1.5
"3004","2002/12/30",879.390015,0.5
"3005","2002/12/31",879.820007,0
"3006","2003/01/02",909.030029,3.3
"3007","2003/01/03",908.590027,0
"3025","2003/01/30",844.609985,-2.3
"3026","2003/01/31",855.700012,1.3
"3027","2003/02/03",860.320007,0.5
"3028","2003/02/04",848.200012,-1.4
"3044","2003/02/27",837.280029,1.2
"3045","2003/02/28",841.150024,0.5
"3046","2003/03/03",834.809998,-0.8
"3047","2003/03/04",821.98999,-1.5
"3065","2003/03/28",863.5,-0.6
"3066","2003/03/31",848.179993,-1.8
"3067","2003/04/01",858.47998,1.2
"3068","2003/04/02",880.900024,2.6
"3086","2003/04/29",917.840027,0.3
"3087","2003/04/30",916.919983,-0.1
"3088","2003/05/01",916.299988,-0.1
"3089","2003/05/02",930.080017,1.5
"3107","2003/05/29",949.640015,-0.4
"3108","2003/05/30",963.590027,1.5
"3109","2003/06/02",967,0.4
"3110","2003/06/03",971.559998,0.5
"3128","2003/06/27",976.219971,-1
"3129","2003/06/30",974.5,-0.2
"3130","2003/07/01",982.320007,0.8
"3131","2003/07/02",993.75,1.2
"3150","2003/07/30",987.48999,-0.2
"3151","2003/07/31",990.309998,0.3
"3152","2003/08/01",980.150024,-1
"3153","2003/08/04",982.820007,0.3
"3171","2003/08/28",1002.840027,0.6
"3172","2003/08/29",1008.01001,0.5
"3173","2003/09/02",1021.98999,1.4
"3174","2003/09/03",1026.27002,0.4
"3192","2003/09/29",1006.580017,1
"3193","2003/09/30",995.969971,-1.1
"3194","2003/10/01",1018.219971,2.2
"3195","2003/10/02",1020.23999,0.2
"3215","2003/10/30",1046.939941,-0.1
"3216","2003/10/31",1050.709961,0.4
"3217","2003/11/03",1059.02002,0.8
"3218","2003/11/04",1053.25,-0.5
"3234","2003/11/26",1058.449951,0.4
"3235","2003/11/28",1058.199951,0
"3236","2003/12/01",1070.119995,1.1
"3237","2003/12/02",1066.619995,-0.3
"3256","2003/12/30",1109.640015,0
"3257","2003/12/31",1111.920044,0.2
"3258","2004/01/02",1108.47998,-0.3
"3259","2004/01/05",1122.219971,1.2
"3276","2004/01/29",1134.109985,0.5
"3277","2004/01/30",1131.130005,-0.3
"3278","2004/02/02",1135.26001,0.4
"3279","2004/02/03",1136.030029,0.1
"3295","2004/02/26",1144.910034,0.1
"3296","2004/02/27",1144.939941,0
"3297","2004/03/01",1155.969971,1
"3298","2004/03/02",1149.099976,-0.6
"3318","2004/03/30",1127,0.4
"3319","2004/03/31",1126.209961,-0.1
"3320","2004/04/01",1132.170044,0.5
"3321","2004/04/02",1141.810059,0.9
"3339","2004/04/29",1113.890015,-0.8
"3340","2004/04/30",1107.300049,-0.6
"3341","2004/05/03",1117.48999,0.9
"3342","2004/05/04",1119.550049,0.2
"3359","2004/05/27",1121.280029,0.6
"3360","2004/05/28",1120.680054,-0.1
"3361","2004/06/01",1121.199951,0
"3362","2004/06/02",1124.98999,0.3
"3380","2004/06/29",1136.199951,0.3
"3381","2004/06/30",1140.839966,0.4
"3382","2004/07/01",1128.939941,-1
"3383","2004/07/02",1125.380005,-0.3
"3401","2004/07/29",1100.430054,0.5
"3402","2004/07/30",1101.719971,0.1
"3403","2004/08/02",1106.619995,0.4
"3404","2004/08/03",1099.689941,-0.6
"3423","2004/08/30",1099.150024,-0.8
"3424","2004/08/31",1104.23999,0.5
"3425","2004/09/01",1105.910034,0.2
"3426","2004/09/02",1118.310059,1.1
"3444","2004/09/29",1114.800049,0.4
"3445","2004/09/30",1114.579956,0
"3446","2004/10/01",1131.5,1.5
"3447","2004/10/04",1135.170044,0.3
"3465","2004/10/28",1127.439941,0.2
"3466","2004/10/29",1130.199951,0.2
"3467","2004/11/01",1130.51001,0
"3468","2004/11/02",1130.560059,0
"3486","2004/11/29",1178.569946,-0.3
"3487","2004/11/30",1173.819946,-0.4
"3488","2004/12/01",1191.369995,1.5
"3489","2004/12/02",1190.329956,-0.1
"3508","2004/12/30",1213.550049,0
"3509","2004/12/31",1211.920044,-0.1
"3510","2005/01/03",1202.079956,-0.8
"3511","2005/01/04",1188.050049,-1.2
"3528","2005/01/28",1171.359985,-0.3
"3529","2005/01/31",1181.27002,0.8
"3530","2005/02/01",1189.410034,0.7
"3531","2005/02/02",1193.189941,0.3
"3547","2005/02/25",1211.369995,0.9
"3548","2005/02/28",1203.599976,-0.6
"3549","2005/03/01",1210.410034,0.6
"3550","2005/03/02",1210.079956,0
"3569","2005/03/30",1181.410034,1.4
"3570","2005/03/31",1180.589966,-0.1
"3571","2005/04/01",1172.920044,-0.6
"3572","2005/04/04",1176.119995,0.3
"3590","2005/04/28",1143.219971,-1.1
"3591","2005/04/29",1156.849976,1.2
"3592","2005/05/02",1162.160034,0.5
"3593","2005/05/03",1161.170044,-0.1
"3611","2005/05/27",1198.780029,0.1
"3612","2005/05/31",1191.5,-0.6
"3613","2005/06/01",1202.219971,0.9
"3614","2005/06/02",1204.290039,0.2
"3633","2005/06/29",1199.849976,-0.1
"3634","2005/06/30",1191.329956,-0.7
"3635","2005/07/01",1194.439941,0.3
"3636","2005/07/05",1204.98999,0.9
"3653","2005/07/28",1243.719971,0.6
"3654","2005/07/29",1234.180054,-0.8
"3655","2005/08/01",1235.349976,0.1
"3656","2005/08/02",1244.119995,0.7
"3676","2005/08/30",1208.410034,-0.3
"3677","2005/08/31",1220.329956,1
"3678","2005/09/01",1221.589966,0.1
"3679","2005/09/02",1218.02002,-0.3
"3697","2005/09/29",1227.680054,0.9
"3698","2005/09/30",1228.810059,0.1
"3699","2005/10/03",1226.699951,-0.2
"3700","2005/10/04",1214.469971,-1
"3718","2005/10/28",1198.410034,1.7
"3719","2005/10/31",1207.01001,0.7
"3720","2005/11/01",1202.76001,-0.4
"3721","2005/11/02",1214.76001,1
"3739","2005/11/29",1257.47998,0
"3740","2005/11/30",1249.47998,-0.6
"3741","2005/12/01",1264.670044,1.2
"3742","2005/12/02",1265.079956,0
"3760","2005/12/29",1254.420044,-0.3
"3761","2005/12/30",1248.290039,-0.5
"3762","2006/01/03",1268.800049,1.6
"3763","2006/01/04",1273.459961,0.4
"3780","2006/01/30",1285.189941,0.1
"3781","2006/01/31",1280.079956,-0.4
"3782","2006/02/01",1282.459961,0.2
"3783","2006/02/02",1270.839966,-0.9
"3799","2006/02/27",1294.119995,0.4
"3800","2006/02/28",1280.660034,-1
"3801","2006/03/01",1291.23999,0.8
"3802","2006/03/02",1289.140015,-0.2
"3822","2006/03/30",1300.25,-0.2
"3823","2006/03/31",1294.869995,-0.4
"3824","2006/04/03",1297.810059,0.2
"3825","2006/04/04",1305.930054,0.6
"3841","2006/04/27",1309.719971,0.3
"3842","2006/04/28",1310.609985,0.1
"3843","2006/05/01",1305.189941,-0.4
"3844","2006/05/02",1313.209961,0.6
"3863","2006/05/30",1259.869995,-1.6
"3864","2006/05/31",1270.089966,0.8
"3865","2006/06/01",1285.709961,1.2
"3866","2006/06/02",1288.219971,0.2
"3885","2006/06/29",1272.869995,2.2
"3886","2006/06/30",1270.199951,-0.2
"3887","2006/07/03",1280.189941,0.8
"3888","2006/07/05",1270.910034,-0.7
"3905","2006/07/28",1278.550049,1.2
"3906","2006/07/31",1276.660034,-0.1
"3907","2006/08/01",1270.920044,-0.4
"3908","2006/08/02",1277.410034,0.5
"3928","2006/08/30",1305.369995,0.1
"3929","2006/08/31",1303.819946,-0.1
"3930","2006/09/01",1311.01001,0.6
"3931","2006/09/05",1313.25,0.2
"3948","2006/09/28",1338.880005,0.2
"3949","2006/09/29",1335.849976,-0.2
"3950","2006/10/02",1331.319946,-0.3
"3951","2006/10/03",1334.109985,0.2
"3970","2006/10/30",1377.930054,0
"3971","2006/10/31",1377.939941,0
"3972","2006/11/01",1367.810059,-0.7
"3973","2006/11/02",1367.339966,0
"3991","2006/11/29",1399.47998,0.9
"3992","2006/11/30",1400.630005,0.1
"3993","2006/12/01",1396.709961,-0.3
"3994","2006/12/04",1409.119995,0.9
"4011","2006/12/28",1424.72998,-0.1
"4012","2006/12/29",1418.300049,-0.5
"4013","2007/01/03",1416.599976,-0.1
"4014","2007/01/04",1418.339966,0.1
"4031","2007/01/30",1428.819946,0.6
"4032","2007/01/31",1438.23999,0.7
"4033","2007/02/01",1445.939941,0.5
"4034","2007/02/02",1448.390015,0.2
"4050","2007/02/27",1399.040039,-3.5
"4051","2007/02/28",1406.819946,0.6
"4052","2007/03/01",1403.170044,-0.3
"4053","2007/03/02",1387.170044,-1.1
"4072","2007/03/29",1422.530029,0.4
"4073","2007/03/30",1420.859985,-0.1
"4074","2007/04/02",1424.550049,0.3
"4075","2007/04/03",1437.77002,0.9
"4092","2007/04/27",1494.069946,0
"4093","2007/04/30",1482.369995,-0.8
"4094","2007/05/01",1486.300049,0.3
"4095","2007/05/02",1495.920044,0.6
"4114","2007/05/30",1530.22998,0.8
"4115","2007/05/31",1530.619995,0
"4116","2007/06/01",1536.339966,0.4
"4117","2007/06/04",1539.180054,0.2
"4135","2007/06/28",1505.709961,0
"4136","2007/06/29",1503.349976,-0.2
"4137","2007/07/02",1519.430054,1.1
"4138","2007/07/03",1524.869995,0.4
"4156","2007/07/30",1473.910034,1
"4157","2007/07/31",1455.27002,-1.3
"4158","2007/08/01",1465.810059,0.7
"4159","2007/08/02",1472.199951,0.4
"4179","2007/08/30",1457.640015,-0.4
"4180","2007/08/31",1473.98999,1.1
"4181","2007/09/04",1489.420044,1
"4182","2007/09/05",1472.290039,-1.2
"4198","2007/09/27",1531.380005,0.4
"4199","2007/09/28",1526.75,-0.3
"4200","2007/10/01",1547.040039,1.3
"4201","2007/10/02",1546.630005,0
"4221","2007/10/30",1531.02002,-0.6
"4222","2007/10/31",1549.380005,1.2
"4223","2007/11/01",1508.439941,-2.6
"4224","2007/11/02",1509.650024,0.1
"4242","2007/11/29",1469.719971,0
"4243","2007/11/30",1481.140015,0.8
"4244","2007/12/03",1472.420044,-0.6
"4245","2007/12/04",1462.790039,-0.7
"4262","2007/12/28",1478.48999,0.2
"4263","2007/12/31",1468.359985,-0.7
"4264","2008/01/02",1447.160034,-1.4
"4265","2008/01/03",1447.160034,0
"4283","2008/01/30",1355.810059,-0.5
"4284","2008/01/31",1378.550049,1.7
"4285","2008/02/01",1395.420044,1.2
"4286","2008/02/04",1380.819946,-1
"4303","2008/02/28",1367.680054,-0.9
"4304","2008/02/29",1330.630005,-2.7
"4305","2008/03/03",1331.339966,0.1
"4306","2008/03/04",1326.75,-0.3
"4323","2008/03/28",1315.219971,-0.8
"4324","2008/03/31",1322.699951,0.6
"4325","2008/04/01",1370.180054,3.6
"4326","2008/04/02",1367.530029,-0.2
"4345","2008/04/29",1390.939941,-0.4
"4346","2008/04/30",1385.589966,-0.4
"4347","2008/05/01",1409.339966,1.7
"4348","2008/05/02",1413.900024,0.3
"4366","2008/05/29",1398.26001,0.5
"4367","2008/05/30",1400.380005,0.2
"4368","2008/06/02",1385.670044,-1.1
"4369","2008/06/03",1377.650024,-0.6
"4387","2008/06/27",1278.380005,-0.4
"4388","2008/06/30",1280,0.1
"4389","2008/07/01",1284.910034,0.4
"4390","2008/07/02",1261.52002,-1.8
"4409","2008/07/30",1284.26001,1.7
"4410","2008/07/31",1267.380005,-1.3
"4411","2008/08/01",1260.310059,-0.6
"4412","2008/08/04",1249.01001,-0.9
"4430","2008/08/28",1300.680054,1.5
"4431","2008/08/29",1282.829956,-1.4
"4432","2008/09/02",1277.579956,-0.4
"4433","2008/09/03",1274.97998,-0.2
"4451","2008/09/29",1106.420044,-8.8
"4452","2008/09/30",1166.359985,5.4
"4453","2008/10/01",1161.060059,-0.5
"4454","2008/10/02",1114.280029,-4
"4474","2008/10/30",954.090027,2.6
"4475","2008/10/31",968.75,1.5
"4476","2008/11/03",966.299988,-0.3
"4477","2008/11/04",1005.75,4.1
"4493","2008/11/26",887.679993,3.5
"4494","2008/11/28",896.23999,1
"4495","2008/12/01",816.210022,-8.9
"4496","2008/12/02",848.809998,4
"4515","2008/12/30",890.640015,2.4
"4516","2008/12/31",903.25,1.4
"4517","2009/01/02",931.799988,3.2
"4518","2009/01/05",927.450012,-0.5
"4535","2009/01/29",845.140015,-3.3
"4536","2009/01/30",825.880005,-2.3
"4537","2009/02/02",825.440002,-0.1
"4538","2009/02/03",838.51001,1.6
"4554","2009/02/26",752.830017,-1.6
"4555","2009/02/27",735.090027,-2.4
"4556","2009/03/02",700.820007,-4.7
"4557","2009/03/03",696.330017,-0.6
"4576","2009/03/30",787.530029,-3.5
"4577","2009/03/31",797.869995,1.3
"4578","2009/04/01",811.080017,1.7
"4579","2009/04/02",834.380005,2.9
"4597","2009/04/29",873.640015,2.2
"4598","2009/04/30",872.809998,-0.1
"4599","2009/05/01",877.52002,0.5
"4600","2009/05/04",907.23999,3.4
"4617","2009/05/28",906.830017,1.5
"4618","2009/05/29",919.140015,1.4
"4619","2009/06/01",942.869995,2.6
"4620","2009/06/02",944.73999,0.2
"4639","2009/06/29",927.22998,0.9
"4640","2009/06/30",919.320007,-0.9
"4641","2009/07/01",923.330017,0.4
"4642","2009/07/02",896.419983,-2.9
"4661","2009/07/30",986.75,1.2
"4662","2009/07/31",987.47998,0.1
"4663","2009/08/03",1002.630005,1.5
"4664","2009/08/04",1005.650024,0.3
"4682","2009/08/28",1028.930054,-0.2
"4683","2009/08/31",1020.619995,-0.8
"4684","2009/09/01",998.039978,-2.2
"4685","2009/09/02",994.75,-0.3
"4703","2009/09/29",1060.609985,-0.2
"4704","2009/09/30",1057.079956,-0.3
"4705","2009/10/01",1029.849976,-2.6
"4706","2009/10/02",1025.209961,-0.5
"4725","2009/10/29",1066.109985,2.3
"4726","2009/10/30",1036.189941,-2.8
"4727","2009/11/02",1042.880005,0.6
"4728","2009/11/03",1045.410034,0.2
"4745","2009/11/27",1091.48999,-1.7
"4746","2009/11/30",1095.630005,0.4
"4747","2009/12/01",1108.859985,1.2
"4748","2009/12/02",1109.23999,0
"4767","2009/12/30",1126.420044,0
"4768","2009/12/31",1115.099976,-1
"4769","2010/01/04",1132.98999,1.6
"4770","2010/01/05",1136.52002,0.3
"4786","2010/01/28",1084.530029,-1.2
"4787","2010/01/29",1073.869995,-1
"4788","2010/02/01",1089.189941,1.4
"4789","2010/02/02",1103.319946,1.3
"4805","2010/02/25",1102.939941,-0.2
"4806","2010/02/26",1104.48999,0.1
"4807","2010/03/01",1115.709961,1
"4808","2010/03/02",1118.310059,0.2
"4828","2010/03/30",1173.27002,0
"4829","2010/03/31",1169.430054,-0.3
"4830","2010/04/01",1178.099976,0.7
"4831","2010/04/05",1187.439941,0.8
"4849","2010/04/29",1206.780029,1.3
"4850","2010/04/30",1186.689941,-1.7
"4851","2010/05/03",1202.26001,1.3
"4852","2010/05/04",1173.599976,-2.4
"4869","2010/05/27",1103.060059,3.3
"4870","2010/05/28",1089.410034,-1.2
"4871","2010/06/01",1070.709961,-1.7
"4872","2010/06/02",1098.380005,2.6
"4891","2010/06/29",1041.23999,-3.1
"4892","2010/06/30",1030.709961,-1
"4893","2010/07/01",1027.369995,-0.3
"4894","2010/07/02",1022.580017,-0.5
"4912","2010/07/29",1101.530029,-0.4
"4913","2010/07/30",1101.599976,0
"4914","2010/08/02",1125.859985,2.2
"4915","2010/08/03",1120.459961,-0.5
"4934","2010/08/30",1048.920044,-1.5
"4935","2010/08/31",1049.329956,0
"4936","2010/09/01",1080.290039,3
"4937","2010/09/02",1090.099976,0.9
"4955","2010/09/29",1144.72998,-0.3
"4956","2010/09/30",1141.199951,-0.3
"4957","2010/10/01",1146.23999,0.4
"4958","2010/10/04",1137.030029,-0.8
"4976","2010/10/28",1183.780029,0.1
"4977","2010/10/29",1183.26001,0
"4978","2010/11/01",1184.380005,0.1
"4979","2010/11/02",1193.569946,0.8
"4997","2010/11/29",1187.76001,-0.1
"4998","2010/11/30",1180.550049,-0.6
"4999","2010/12/01",1206.069946,2.2
"5000","2010/12/02",1221.530029,1.3
"5019","2010/12/30",1257.880005,-0.2
"5020","2010/12/31",1257.640015,0
"5021","2011/01/03",1271.869995,1.1
"5022","2011/01/04",1270.199951,-0.1
"5039","2011/01/28",1276.339966,-1.8
"5040","2011/01/31",1286.119995,0.8
"5041","2011/02/01",1307.589966,1.7
"5042","2011/02/02",1304.030029,-0.3
"5058","2011/02/25",1319.880005,1.1
"5059","2011/02/28",1327.219971,0.6
"5060","2011/03/01",1306.329956,-1.6
"5061","2011/03/02",1308.439941,0.2
"5081","2011/03/30",1328.26001,0.7
"5082","2011/03/31",1325.829956,-0.2
"5083","2011/04/01",1332.410034,0.5
"5084","2011/04/04",1332.869995,0
"5101","2011/04/28",1360.47998,0.4
"5102","2011/04/29",1363.609985,0.2
"5103","2011/05/02",1361.219971,-0.2
"5104","2011/05/03",1356.619995,-0.3
"5122","2011/05/27",1331.099976,0.4
"5123","2011/05/31",1345.199951,1.1
"5124","2011/06/01",1314.550049,-2.3
"5125","2011/06/02",1312.939941,-0.1
"5144","2011/06/29",1307.410034,0.8
"5145","2011/06/30",1320.640015,1
"5146","2011/07/01",1339.670044,1.4
"5147","2011/07/05",1337.880005,-0.1
"5164","2011/07/28",1300.670044,-0.3
"5165","2011/07/29",1292.280029,-0.6
"5166","2011/08/01",1286.939941,-0.4
"5167","2011/08/02",1254.050049,-2.6
"5187","2011/08/30",1212.920044,0.2
"5188","2011/08/31",1218.890015,0.5
"5189","2011/09/01",1204.420044,-1.2
"5190","2011/09/02",1173.969971,-2.5
"5208","2011/09/29",1160.400024,0.8
"5209","2011/09/30",1131.420044,-2.5
"5210","2011/10/03",1099.22998,-2.8
"5211","2011/10/04",1123.949951,2.2
"5229","2011/10/28",1285.089966,0
"5230","2011/10/31",1253.300049,-2.5
"5231","2011/11/01",1218.280029,-2.8
"5232","2011/11/02",1237.900024,1.6
"5250","2011/11/29",1195.189941,0.2
"5251","2011/11/30",1246.959961,4.3
"5252","2011/12/01",1244.579956,-0.2
"5253","2011/12/02",1244.280029,0
"5271","2011/12/29",1263.02002,1.1
"5272","2011/12/30",1257.599976,-0.4
"5273","2012/01/03",1277.060059,1.5
"5274","2012/01/04",1277.300049,0
"5291","2012/01/30",1313.01001,-0.3
"5292","2012/01/31",1312.410034,0
"5293","2012/02/01",1324.089966,0.9
"5294","2012/02/02",1325.540039,0.1
"5311","2012/02/28",1372.180054,0.3
"5312","2012/02/29",1365.680054,-0.5
"5313","2012/03/01",1374.089966,0.6
"5314","2012/03/02",1369.630005,-0.3
"5333","2012/03/29",1403.280029,-0.2
"5334","2012/03/30",1408.469971,0.4
"5335","2012/04/02",1419.040039,0.8
"5336","2012/04/03",1413.380005,-0.4
"5353","2012/04/27",1403.359985,0.2
"5354","2012/04/30",1397.910034,-0.4
"5355","2012/05/01",1405.819946,0.6
"5356","2012/05/02",1402.310059,-0.2
"5375","2012/05/30",1313.319946,-1.4
"5376","2012/05/31",1310.329956,-0.2
"5377","2012/06/01",1278.040039,-2.5
"5378","2012/06/04",1278.180054,0
"5396","2012/06/28",1329.040039,-0.2
"5397","2012/06/29",1362.160034,2.5
"5398","2012/07/02",1365.51001,0.2
"5399","2012/07/03",1374.02002,0.6
"5417","2012/07/30",1385.300049,0
"5418","2012/07/31",1379.319946,-0.4
"5419","2012/08/01",1375.319946,-0.3
"5420","2012/08/02",1365,-0.8
"5440","2012/08/30",1399.47998,-0.8
"5441","2012/08/31",1406.579956,0.5
"5442","2012/09/04",1404.939941,-0.1
"5443","2012/09/05",1403.439941,-0.1
"5459","2012/09/27",1447.150024,1
"5460","2012/09/28",1440.670044,-0.4
"5461","2012/10/01",1444.48999,0.3
"5462","2012/10/02",1445.75,0.1
"5480","2012/10/26",1411.939941,-0.1
"5481","2012/10/31",1412.160034,0
"5482","2012/11/01",1427.589966,1.1
"5483","2012/11/02",1414.199951,-0.9
"5501","2012/11/29",1415.949951,0.4
"5502","2012/11/30",1416.180054,0
"5503","2012/12/03",1409.459961,-0.5
"5504","2012/12/04",1407.050049,-0.2
"5521","2012/12/28",1402.430054,-1.1
"5522","2012/12/31",1426.189941,1.7
"5523","2013/01/02",1462.420044,2.5
"5524","2013/01/03",1459.369995,-0.2
"5542","2013/01/30",1501.959961,-0.4
"5543","2013/01/31",1498.109985,-0.3
"5544","2013/02/01",1513.170044,1
"5545","2013/02/04",1495.709961,-1.2
"5561","2013/02/27",1515.98999,1.3
"5562","2013/02/28",1514.680054,-0.1
"5563","2013/03/01",1518.199951,0.2
"5564","2013/03/04",1525.199951,0.5
"5581","2013/03/27",1562.849976,-0.1
"5582","2013/03/28",1569.189941,0.4
"5583","2013/04/01",1562.170044,-0.4
"5584","2013/04/02",1570.25,0.5
"5603","2013/04/29",1593.609985,0.7
"5604","2013/04/30",1597.569946,0.2
"5605","2013/05/01",1582.699951,-0.9
"5606","2013/05/02",1597.589966,0.9
"5625","2013/05/30",1654.410034,0.4
"5626","2013/05/31",1630.73999,-1.4
"5627","2013/06/03",1640.420044,0.6
"5628","2013/06/04",1631.380005,-0.6
"5645","2013/06/27",1613.199951,0.6
"5646","2013/06/28",1606.280029,-0.4
"5647","2013/07/01",1614.959961,0.5
"5648","2013/07/02",1614.079956,-0.1
"5667","2013/07/30",1685.959961,0
"5668","2013/07/31",1685.72998,0
"5669","2013/08/01",1706.869995,1.3
"5670","2013/08/02",1709.670044,0.2
"5689","2013/08/29",1638.170044,0.2
"5690","2013/08/30",1632.969971,-0.3
"5691","2013/09/03",1639.77002,0.4
"5692","2013/09/04",1653.079956,0.8
"5709","2013/09/27",1691.75,-0.4
"5710","2013/09/30",1681.550049,-0.6
"5711","2013/10/01",1695,0.8
"5712","2013/10/02",1693.869995,-0.1
"5732","2013/10/30",1763.310059,-0.5
"5733","2013/10/31",1756.540039,-0.4
"5734","2013/11/01",1761.640015,0.3
"5735","2013/11/04",1767.930054,0.4
"5752","2013/11/27",1807.22998,0.2
"5753","2013/11/29",1805.810059,-0.1
"5754","2013/12/02",1800.900024,-0.3
"5755","2013/12/03",1795.150024,-0.3
"5773","2013/12/30",1841.069946,0
"5774","2013/12/31",1848.359985,0.4
"5775","2014/01/02",1831.97998,-0.9
"5776","2014/01/03",1831.369995,0
"5794","2014/01/30",1794.189941,1.1
"5795","2014/01/31",1782.589966,-0.6
"5796","2014/02/03",1741.890015,-2.3
"5797","2014/02/04",1755.199951,0.8
"5813","2014/02/27",1854.290039,0.5
"5814","2014/02/28",1859.449951,0.3
"5815","2014/03/03",1845.72998,-0.7
"5816","2014/03/04",1873.910034,1.5
"5834","2014/03/28",1857.619995,0.5
"5835","2014/03/31",1872.339966,0.8
"5836","2014/04/01",1885.52002,0.7
"5837","2014/04/02",1890.900024,0.3
"5855","2014/04/29",1878.329956,0.5
"5856","2014/04/30",1883.949951,0.3
"5857","2014/05/01",1883.680054,0
"5858","2014/05/02",1881.140015,-0.1
"5876","2014/05/29",1920.030029,0.5
"5877","2014/05/30",1923.569946,0.2
"5878","2014/06/02",1924.969971,0.1
"5879","2014/06/03",1924.23999,0
"5897","2014/06/27",1960.959961,0.2
"5898","2014/06/30",1960.22998,0
"5899","2014/07/01",1973.319946,0.7
"5900","2014/07/02",1974.619995,0.1
"5919","2014/07/30",1970.069946,0
"5920","2014/07/31",1930.670044,-2
"5921","2014/08/01",1925.150024,-0.3
"5922","2014/08/04",1938.98999,0.7
"5940","2014/08/28",1996.73999,-0.2
"5941","2014/08/29",2003.369995,0.3
"5942","2014/09/02",2002.280029,-0.1
"5943","2014/09/03",2000.719971,-0.1
"5961","2014/09/29",1977.800049,-0.3
"5962","2014/09/30",1972.290039,-0.3
"5963","2014/10/01",1946.160034,-1.3
"5964","2014/10/02",1946.170044,0
"5984","2014/10/30",1994.650024,0.6
"5985","2014/10/31",2018.050049,1.2
"5986","2014/11/03",2017.810059,0
"5987","2014/11/04",2012.099976,-0.3
"6003","2014/11/26",2072.830078,0.3
"6004","2014/11/28",2067.560059,-0.3
"6005","2014/12/01",2053.439941,-0.7
"6006","2014/12/02",2066.550049,0.6
"6025","2014/12/30",2080.350098,-0.5
"6026","2014/12/31",2058.899902,-1
"6027","2015/01/02",2058.199951,0
"6028","2015/01/05",2020.579956,-1.8
"6045","2015/01/29",2021.25,1
"6046","2015/01/30",1994.98999,-1.3
"6047","2015/02/02",2020.849976,1.3
"6048","2015/02/03",2050.030029,1.4
"6064","2015/02/26",2110.73999,-0.1
"6065","2015/02/27",2104.5,-0.3
"6066","2015/03/02",2117.389893,0.6
"6067","2015/03/03",2107.780029,-0.5
"6086","2015/03/30",2086.23999,1.2
"6087","2015/03/31",2067.889893,-0.9
"6088","2015/04/01",2059.689941,-0.4
"6089","2015/04/02",2066.959961,0.4
"6107","2015/04/29",2106.850098,-0.4
"6108","2015/04/30",2085.51001,-1
"6109","2015/05/01",2108.290039,1.1
"6110","2015/05/04",2114.48999,0.3
"6127","2015/05/28",2120.790039,-0.1
"6128","2015/05/29",2107.389893,-0.6
"6129","2015/06/01",2111.72998,0.2
"6130","2015/06/02",2109.600098,-0.1
"6149","2015/06/29",2057.639893,-2.1
"6150","2015/06/30",2063.110107,0.3
"6151","2015/07/01",2077.419922,0.7
"6152","2015/07/02",2076.780029,0
"6171","2015/07/30",2108.629883,0
"6172","2015/07/31",2103.840088,-0.2
"6173","2015/08/03",2098.040039,-0.3
"6174","2015/08/04",2093.320068,-0.2
"6192","2015/08/28",1988.869995,0.1
"6193","2015/08/31",1972.180054,-0.8
"6194","2015/09/01",1913.849976,-3
"6195","2015/09/02",1948.859985,1.8
"6213","2015/09/29",1884.089966,0.1
"6214","2015/09/30",1920.030029,1.9
"6215","2015/10/01",1923.819946,0.2
"6216","2015/10/02",1951.359985,1.4
"6235","2015/10/29",2089.409912,0
"6236","2015/10/30",2079.360107,-0.5
"6237","2015/11/02",2104.050049,1.2
"6238","2015/11/03",2109.790039,0.3
"6255","2015/11/27",2090.110107,0.1
"6256","2015/11/30",2080.409912,-0.5
"6257","2015/12/01",2102.629883,1.1
"6258","2015/12/02",2079.51001,-1.1
"6277","2015/12/30",2063.360107,-0.7
"6278","2015/12/31",2043.939941,-0.9
"6279","2016/01/04",2012.660034,-1.5
"6280","2016/01/05",2016.709961,0.2
"6296","2016/01/28",1893.359985,0.6
"6297","2016/01/29",1940.23999,2.5
"6298","2016/02/01",1939.380005,0
"6299","2016/02/02",1903.030029,-1.9
"6316","2016/02/26",1948.050049,-0.2
"6317","2016/02/29",1932.22998,-0.8
"6318","2016/03/01",1978.349976,2.4
"6319","2016/03/02",1986.449951,0.4
"6338","2016/03/30",2063.949951,0.4
"6339","2016/03/31",2059.73999,-0.2
"6340","2016/04/01",2072.780029,0.6
"6341","2016/04/04",2066.129883,-0.3
"6359","2016/04/28",2075.810059,-0.9
"6360","2016/04/29",2065.300049,-0.5
"6361","2016/05/02",2081.429932,0.8
"6362","2016/05/03",2063.370117,-0.9
"6380","2016/05/27",2099.060059,0.4
"6381","2016/05/31",2096.949951,-0.1
"6382","2016/06/01",2099.330078,0.1
"6383","2016/06/02",2105.26001,0.3
"6402","2016/06/29",2070.77002,1.7
"6403","2016/06/30",2098.860107,1.4
"6404","2016/07/01",2102.949951,0.2
"6405","2016/07/05",2088.550049,-0.7
"6422","2016/07/28",2170.060059,0.2
"6423","2016/07/29",2173.600098,0.2
"6424","2016/08/01",2170.840088,-0.1
"6425","2016/08/02",2157.030029,-0.6
"6445","2016/08/30",2176.120117,-0.2
"6446","2016/08/31",2170.949951,-0.2
"6447","2016/09/01",2170.860107,0
"6448","2016/09/02",2179.97998,0.4
"6466","2016/09/29",2151.129883,-0.9
"6467","2016/09/30",2168.27002,0.8
"6468","2016/10/03",2161.199951,-0.3
"6469","2016/10/04",2150.48999,-0.5
"6487","2016/10/28",2126.409912,-0.3
"6488","2016/10/31",2126.149902,0
"6489","2016/11/01",2111.719971,-0.7
"6490","2016/11/02",2097.939941,-0.7
"6508","2016/11/29",2204.659912,0.1
"6509","2016/11/30",2198.810059,-0.3
"6510","2016/12/01",2191.080078,-0.4
"6511","2016/12/02",2191.949951,0
"6529","2016/12/29",2249.26001,0
"6530","2016/12/30",2238.830078,-0.5
"6531","2017/01/03",2257.830078,0.8
"6532","2017/01/04",2270.75,0.6
"6549","2017/01/30",2280.899902,-0.6
"6550","2017/01/31",2278.870117,-0.1
"6551","2017/02/01",2279.550049,0
"6552","2017/02/02",2280.850098,0.1
"6568","2017/02/27",2369.75,0.1
"6569","2017/02/28",2363.639893,-0.3
"6570","2017/03/01",2395.959961,1.4
"6571","2017/03/02",2381.919922,-0.6
"6591","2017/03/30",2368.060059,0.3
"6592","2017/03/31",2362.719971,-0.2
"6593","2017/04/03",2358.840088,-0.2
"6594","2017/04/04",2360.159912,0.1
"6610","2017/04/27",2388.77002,0.1
"6611","2017/04/28",2384.199951,-0.2
"6612","2017/05/01",2388.330078,0.2
"6613","2017/05/02",2391.169922,0.1
"6632","2017/05/30",2412.909912,-0.1
"6633","2017/05/31",2411.800049,0
"6634","2017/06/01",2430.060059,0.8
"6635","2017/06/02",2439.070068,0.4
"6654","2017/06/29",2419.699951,-0.9
"6655","2017/06/30",2423.409912,0.2
"6656","2017/07/03",2429.01001,0.2
"6657","2017/07/05",2432.540039,0.1
"6674","2017/07/28",2472.100098,-0.1
"6675","2017/07/31",2470.300049,-0.1
"6676","2017/08/01",2476.350098,0.2
"6677","2017/08/02",2477.570068,0
"6697","2017/08/30",2457.590088,0.5
"6698","2017/08/31",2471.649902,0.6
"6699","2017/09/01",2476.550049,0.2
"6700","2017/09/05",2457.850098,-0.8
"6717","2017/09/28",2510.060059,0.1
"6718","2017/09/29",2519.360107,0.4
"6719","2017/10/02",2529.120117,0.4
"6720","2017/10/03",2534.580078,0.2
"6739","2017/10/30",2572.830078,-0.3
"6740","2017/10/31",2575.26001,0.1
"6741","2017/11/01",2579.360107,0.2
"6742","2017/11/02",2579.850098,0
"6760","2017/11/29",2626.070068,0
"6761","2017/11/30",2647.580078,0.8
"6762","2017/12/01",2642.219971,-0.2
"6763","2017/12/04",2639.439941,-0.1
"6780","2017/12/28",2687.540039,0.2
"6781","2017/12/29",2673.610107,-0.5
"6782","2018/01/02",2695.810059,0.8
"6783","2018/01/03",2713.060059,0.6
"6801","2018/01/30",2822.429932,-1.1
"6802","2018/01/31",2823.810059,0
"6803","2018/02/01",2821.97998,-0.1
"6804","2018/02/02",2762.129883,-2.1
"6820","2018/02/27",2744.280029,-1.3
"6821","2018/02/28",2713.830078,-1.1
"6822","2018/03/01",2677.669922,-1.3
"6823","2018/03/02",2691.25,0.5
"6841","2018/03/28",2605,-0.3
"6842","2018/03/29",2640.870117,1.4
"6843","2018/04/02",2581.879883,-2.2
"6844","2018/04/03",2614.449951,1.3
"6862","2018/04/27",2669.909912,0.1
"6863","2018/04/30",2648.050049,-0.8
"6864","2018/05/01",2654.800049,0.3
"6865","2018/05/02",2635.669922,-0.7
"6870","2018/05/09",2697.790039,1
"6871","2018/05/10",2723.070068,0.9
