,Date,Closing.Price.0,MA.Price,,Price.1,Price.2,Price.3,Price.4,Price.5,Price.6,Price.7,Price.8,Price.9,Price.10,,Return.1,Return.2,Return.3,Return.4,Return.5,Return.6,Return.7,Return.8,Return.9,Return.10
1,0091-07-03,373.329987,375.6134997,,374.079987,377.940002,376.109985,375.73999,376.970001,380.25,382.390015,381.540009,381.179993,385.369995,,0.002008947,0.012348365,0.00744649,0.006455423,0.009750125,0.018535915,0.02426815,0.021991327,0.02102699,0.032250311
2,0091-08-19,376.470001,380.0960989,,379.429993,390.589996,391.329987,394.170013,393.850006,393.059998,396.640015,396.470001,395.429993,392.149994,,0.007862491,0.037506295,0.039471899,0.04701573,0.04616571,0.044067248,0.053576683,0.053125083,0.050362557,0.041650046
3,0091-10-04,381.25,383.0617993,,379.5,380.670013,376.799988,380.549988,381.450012,386.470001,391.01001,392.799988,391.920013,392.5,,-0.004590164,-0.001521277,-0.011672163,-0.001836097,0.000524622,0.013691806,0.025600026,0.03029505,0.027986919,0.029508197
4,0091-11-15,382.619995,386.2260995,,385.23999,379.420013,378.529999,380.059998,376.140015,375.339996,377.959991,376.549988,375.220001,381.399994,,0.006847512,-0.008363342,-0.010689447,-0.006690704,-0.016935811,-0.019026708,-0.012179196,-0.015864323,-0.019340322,-0.003188545
5,0092-04-02,400.5,402.8156994,,401.549988,405.589996,398.059998,394.5,400.640015,404.290009,406.079987,412.390015,416.279999,416.040009,,0.002621693,0.012709104,-0.00609239,-0.014981273,0.0003496,0.009463194,0.013932552,0.029687928,0.039400747,0.038801521
6,0092-05-15,410.089996,411.0879999,,412.809998,416.369995,415.390015,412.600006,414.019989,411.410004,412.170013,416.73999,415.350006,417.299988,,0.006632695,0.015313709,0.012924039,0.006120632,0.009583245,0.003218825,0.005072099,0.016215938,0.012826477,0.017581487
7,0092-06-09,410.059998,411.1324002,,407.25,409.049988,409.76001,410.290009,408.320007,402.26001,400.959991,403.670013,403.399994,404.040009,,-0.006852651,-0.002463079,-0.000731571,0.00056092,-0.00424326,-0.019021577,-0.022191892,-0.015583049,-0.016241535,-0.014680752
8,0092-07-07,409.160004,409.832901,,410.279999,414.230011,414.619995,414.869995,417.679993,417.100006,417.540009,415.619995,413.75,413.76001,,0.002737303,0.012391258,0.013344391,0.013955399,0.020823123,0.019405616,0.020480997,0.015788422,0.011218096,0.01124256
9,0092-08-24,410.720001,412.6324012,,411.609985,413.51001,413.529999,414.839996,414.029999,416.070007,417.980011,417.980011,417.079987,414.440002,,0.002166887,0.006792971,0.006841639,0.010031153,0.008059013,0.01302592,0.0176763,0.0176763,0.015484968,0.009057268
10,0092-09-25,414.350006,414.7894009,,416.619995,416.799988,417.799988,416.290009,410.470001,407.570007,407.179993,404.25,407.75,402.660004,,0.005478434,0.005912832,0.008326251,0.004682039,-0.009364076,-0.016362976,-0.017304243,-0.024375542,-0.015928577,-0.028212868
11,0092-10-23,414.100006,414.1150009,,418.160004,418.48999,420.130005,420.859985,418.679993,422.75,419.920013,417.109985,418.339996,417.579987,,0.00980439,0.010601265,0.014561697,0.016324508,0.011060099,0.020888659,0.014054593,0.007268725,0.010239048,0.008403721
12,0093-04-22,439.459991,441.3558994,,437.029999,433.540009,438.01001,438.019989,438.890015,440.190002,442.459991,444.049988,444.519989,443.26001,,-0.005529495,-0.013471037,-0.003299461,-0.003276753,-0.001296992,0.001661155,0.00682656,0.01044463,0.011514127,0.008647019
13,0093-05-13,439.230011,442.5645987,,439.559998,440.369995,440.320007,447.570007,450.589996,445.839996,448,448.850006,453.440002,452.410004,,0.000751285,0.002595415,0.002481606,0.018987764,0.025863408,0.015049029,0.019966734,0.021901953,0.032352049,0.030007041
14,0093-06-18,443.679993,445.4199988,,446.220001,445.929993,443.190002,446.619995,447.600006,451.850006,450.690002,450.529999,449.019989,445.839996,,0.005724865,0.005071223,-0.001104379,0.006626402,0.008835226,0.018414202,0.015799696,0.015439069,0.012035693,0.00486838
15,0093-07-06,441.429993,445.8372989,,442.829987,448.640015,448.109985,448.980011,448.089996,450.079987,449.220001,445.75,446.029999,447.309998,,0.003171497,0.016333331,0.015132619,0.017103546,0.015087337,0.019595393,0.01764721,0.009786392,0.010420692,0.013320357
16,0093-07-22,444.51001,446.7894989,,447.100006,449.089996,448.23999,447.190002,450.23999,448.130005,450.149994,449.269989,448.540009,448.130005,,0.005826631,0.010303449,0.008391217,0.006029093,0.012890553,0.008143787,0.012688092,0.010708373,0.00906616,0.008143787
17,0094-02-24,464.26001,467.4751993,,466.070007,467.140015,464.440002,464.809998,463.01001,464.73999,466.910004,465.880005,467.059998,463.899994,,0.003898671,0.006203431,0.000387697,0.001184655,-0.002692457,0.00103386,0.005707995,0.003489413,0.006031077,-0.000775462
18,0094-03-24,464.350006,468.0322007,,460.579987,460,452.480011,445.549988,445.769989,438.920013,448.290009,448.049988,450.880005,447.100006,,-0.008118917,-0.009367946,-0.025562603,-0.04048674,-0.040012957,-0.054764709,-0.034585973,-0.03510287,-0.029008293,-0.037148702
19,0094-06-17,458.450012,459.5743005,,455.480011,451.339996,453.089996,449.630005,442.799988,447.309998,446.070007,447.630005,444.269989,446.200012,,-0.006478353,-0.015508814,-0.011691604,-0.019238754,-0.034136817,-0.024299299,-0.027004046,-0.02360128,-0.030930358,-0.02672047
20,0094-07-19,453.859985,454.5235013,,451.600006,452.609985,453.109985,454.25,453.359985,452.570007,454.23999,458.26001,461.01001,460.559998,,-0.004979463,-0.002754153,-0.001652492,0.000859329,-0.001101661,-0.002842238,0.000837274,0.009694675,0.015753812,0.014762291
21,0094-10-04,454.589996,458.6171997,,453.519989,452.359985,455.100006,459.040009,465.790009,465.470001,467.790009,469.100006,468.959991,467.660004,,-0.002353785,-0.004905543,0.001121912,0.009789069,0.024637614,0.023933666,0.029037183,0.031918894,0.031610891,0.0287512
22,0094-11-18,461.470001,461.8994,,458.299988,450.089996,449.929993,452.290009,454.160004,455.170013,453.690002,448.920013,453.299988,453.320007,,-0.00686938,-0.024660335,-0.02500706,-0.019892933,-0.015840676,-0.013651999,-0.016859165,-0.027195675,-0.017704321,-0.01766094
23,0094-12-28,460.859985,462.4131997,,461.170013,459.269989,459.109985,460.709991,460.339996,460.679993,460.829987,461.679993,461.660004,461.640015,,0.000672716,-0.003450063,-0.003797249,-0.000325465,-0.001128301,-0.000390557,-6.51E-05,0.0017793,0.001735926,0.001692553
24,0096-07-08,652.539978,655.8053979,,654.75,656.059998,645.669983,646.190002,629.799988,628.369995,634.070007,643.559998,638.72998,633.77002,,0.003386799,0.005394336,-0.010528083,-0.009731168,-0.034848424,-0.03703985,-0.028304735,-0.013761578,-0.021163451,-0.028764457
25,0096-08-30,651.98999,656.9708997,,654.719971,655.609985,649.440002,655.679993,663.76001,663.809998,667.280029,671.150024,680.539978,683.97998,,0.004187152,0.005552225,-0.003911085,0.005659601,0.018052455,0.018129125,0.02345134,0.029387006,0.043788997,0.049065155
26,0097-03-31,757.119995,767.2990009,,759.640015,750.109985,750.320007,757.900024,762.130005,766.119995,760.599976,758.340027,737.650024,743.72998,,0.003328429,-0.009258783,-0.008981387,0.001030258,0.006617194,0.011887151,0.00459634,0.001611412,-0.025715833,-0.017685459
27,0097-04-24,771.179993,771.3595008,,765.369995,772.960022,794.049988,801.340027,798.530029,812.969971,830.289978,827.76001,815.619995,820.26001,,-0.007533907,0.002308189,0.029655846,0.039108942,0.035465178,0.054189655,0.076648753,0.073368108,0.057625979,0.063642752
28,0097-10-27,876.98999,927.2687,,921.849976,919.159973,903.679993,914.619995,938.98999,940.76001,942.76001,938.030029,927.51001,921.130005,,0.051152221,0.048084908,0.030433646,0.042908135,0.07069636,0.07271465,0.074995178,0.069601751,0.057606154,0.050331264
29,0097-12-23,939.130005,943.4531,,932.700012,936.460022,953.349976,970.840027,970.429993,975.039978,977.070007,966.580017,964,956.049988,,-0.006846755,-0.002843039,0.015141643,0.033765317,0.033328706,0.038237489,0.040399095,0.029229193,0.026481951,0.018016657
30,0098-01-09,927.690002,945.8096997,,939.210022,952.119995,957.940002,950.72998,961.51001,978.599976,970.809998,963.039978,957.590027,956.950012,,0.012417963,0.02633422,0.032607875,0.024835859,0.036456152,0.054878218,0.04648104,0.038105376,0.032230621,0.031540719
31,0098-08-03,1112.439941,1116.895898,,1072.119995,1081.430054,1089.630005,1089.449951,1083.140015,1068.97998,1084.219971,1074.910034,1062.75,1083.670044,,-0.036244605,-0.027875561,-0.02050442,-0.020666275,-0.026338434,-0.039067243,-0.025367635,-0.033736569,-0.044667527,-0.025861978
32,0099-05-25,1284.400024,1288.501703,,1304.76001,1281.410034,1301.839966,1294.26001,1294.810059,1299.540039,1327.75,1334.52002,1317.329956,1318.640015,,0.015851748,-0.002327927,0.013578279,0.007676725,0.008104979,0.011787617,0.033751149,0.039022108,0.025638377,0.026658354
33,0099-06-11,1293.640015,1295.678104,,1294,1301.160034,1330.410034,1339.900024,1342.839966,1349,1335.880005,1333.060059,1315.780029,1315.310059,,0.000278273,0.005813069,0.028423687,0.035759569,0.038032181,0.042793965,0.032652043,0.03047219,0.017114509,0.016751217
34,0099-07-30,1328.719971,1334.236704,,1328.050049,1322.180054,1305.329956,1313.709961,1300.290039,1297.800049,1281.430054,1301.930054,1298.160034,1327.680054,,-0.000504186,-0.004921968,-0.017603419,-0.011296594,-0.021396481,-0.023270458,-0.035590582,-0.020162199,-0.022999532,-0.000782646
35,0099-08-18,1332.839966,1336.999008,,1323.589966,1336.609985,1360.219971,1363.5,1381.790039,1362.01001,1348.27002,1324.02002,1320.410034,1331.069946,,-0.006940068,0.002828561,0.020542605,0.023003537,0.036726144,0.021885631,0.011576824,-0.006617408,-0.0093259,-0.001328006
36,0099-09-14,1336.290039,1341.560808,,1317.969971,1318.47998,1335.420044,1335.530029,1307.579956,1310.51001,1280.410034,1277.359985,1283.310059,1282.199951,,-0.013709649,-0.013327989,-0.000651053,-0.000568746,-0.021484919,-0.019292241,-0.041817273,-0.044099748,-0.039647066,-0.040477805
37,0099-10-12,1313.040039,1333.345206,,1285.550049,1283.420044,1247.410034,1254.130005,1261.319946,1289.430054,1283.609985,1301.650024,1293.630005,1281.910034,,-0.02093614,-0.022558333,-0.049983247,-0.044865375,-0.039389578,-0.017981162,-0.022413676,-0.008674537,-0.014782515,-0.023708344
38,0000-01-28,1360.160034,1373.736002,,1394.459961,1409.280029,1409.119995,1424.969971,1424.369995,1424.23999,1441.719971,1411.709961,1416.829956,1387.119995,,0.025217567,0.036113394,0.035995736,0.047648759,0.047207652,0.047112071,0.059963486,0.037899898,0.041664158,0.019821168
39,0000-02-18,1346.089966,1386.0459,,1352.170044,1360.689941,1353.430054,1333.359985,1348.050049,1366.420044,1379.189941,1381.76001,1409.170044,1391.280029,,0.004516844,0.01084621,0.005452896,-0.009457006,0.001456131,0.01510306,0.02458972,0.026499004,0.04686171,0.033571354
40,0000-03-10,1395.069946,1395.844799,,1383.619995,1359.150024,1392.140015,1458.469971,1464.469971,1456.630005,1493.869995,1500.640015,1527.349976,1527.459961,,-0.008207439,-0.025747757,-0.002100204,0.045445768,0.049746628,0.044126862,0.070820857,0.075673675,0.09481964,0.094898478
41,0000-04-14,1356.560059,1427.656497,,1401.439941,1441.609985,1427.469971,1434.540039,1429.859985,1477.439941,1460.98999,1464.920044,1452.430054,1468.25,,0.033083594,0.06269529,0.052271856,0.057483618,0.054033675,0.089107652,0.076981428,0.079878502,0.070671397,0.082333208
42,0000-05-03,1415.099976,1430.949897,,1409.569946,1432.630005,1424.170044,1412.140015,1383.050049,1407.810059,1420.959961,1452.359985,1466.040039,1447.800049,,-0.003907872,0.012387838,0.006409489,-0.002091697,-0.022648525,-0.005151521,0.00414104,0.026330301,0.035997501,0.02310796
43,0000-05-19,1406.949951,1431.040598,,1400.719971,1373.859985,1399.050049,1381.52002,1378.02002,1422.449951,1420.599976,1448.810059,1477.26001,1467.630005,,-0.004428004,-0.023518936,-0.005614913,-0.01807451,-0.020562161,0.011016739,0.009701855,0.029752379,0.04997339,0.043128794
44,0000-07-26,1452.420044,1452.526296,,1449.619995,1419.890015,1430.829956,1438.099976,1438.699951,1452.560059,1462.930054,1479.319946,1482.800049,1472.869995,,-0.001927851,-0.022397122,-0.014864906,-0.009859454,-0.009446367,9.64E-05,0.007236206,0.018520746,0.020916818,0.014079915
45,0000-09-18,1444.51001,1462.9353,,1459.900024,1451.339966,1449.050049,1448.719971,1439.030029,1427.209961,1426.569946,1458.290039,1436.51001,1436.22998,,0.010654141,0.004728216,0.003142961,0.002914456,-0.003793661,-0.011976413,-0.012419481,0.009539587,-0.00553821,-0.005732068
46,0001-05-03,1248.579956,1265.274004,,1266.609985,1263.51001,1261.199951,1255.540039,1255.180054,1245.670044,1248.920044,1249.439941,1284.98999,1288.48999,,0.014440428,0.011957627,0.010107478,0.005574399,0.005286084,-0.002330577,0.00027238,0.00068877,0.029161155,0.03196434
47,0001-05-30,1248.079956,1255.565204,,1255.819946,1260.670044,1267.109985,1283.569946,1270.030029,1276.959961,1264.959961,1254.390015,1255.849976,1241.599976,,0.006201518,0.010087565,0.015247444,0.02843567,0.017587073,0.023139547,0.013524779,0.005055813,0.006225579,-0.005191959
48,0001-07-05,1219.23999,1230.239899,,1190.589966,1198.780029,1181.52002,1180.180054,1208.140015,1215.680054,1202.449951,1214.439941,1207.709961,1215.02002,,-0.023498265,-0.016780914,-0.030937281,-0.032036298,-0.009104012,-0.002919799,-0.013770906,-0.003936919,-0.009456735,-0.003461148
49,0001-08-03,1214.349976,1216.657598,,1200.47998,1204.400024,1183.530029,1183.430054,1190.160034,1191.290039,1186.72998,1178.02002,1181.660034,1161.969971,,-0.011421745,-0.008193644,-0.02537979,-0.025462118,-0.019920075,-0.018989531,-0.022744675,-0.029917204,-0.026919704,-0.043134192
50,0001-11-28,1128.52002,1131.454503,,1140.199951,1139.449951,1129.900024,1144.800049,1170.349976,1167.099976,1158.310059,1139.930054,1136.76001,1137.069946,,0.010349777,0.00968519,0.001222844,0.014425999,0.037066206,0.034186328,0.02639744,0.010110617,0.00730159,0.007576229
51,0001-12-13,1119.380005,1124.556504,,1123.089966,1134.359985,1142.920044,1149.560059,1139.930054,1144.890015,1144.650024,1149.369995,1157.130005,1161.02002,,0.0033143,0.01338239,0.021029533,0.026961402,0.018358421,0.02278941,0.022575014,0.026791608,0.033724026,0.037199177
52,0002-01-29,1100.640015,1110.643104,,1113.569946,1130.199951,1122.199951,1094.439941,1090.02002,1083.51001,1080.170044,1096.219971,1111.939941,1107.5,,0.011747648,0.026857043,0.019588545,-0.005633153,-0.009648927,-0.015563676,-0.018598243,-0.004015885,0.010266687,0.006232724
53,0002-02-15,1104.180054,1114.311902,,1083.339966,1097.97998,1080.949951,1089.839966,1109.430054,1109.380005,1109.890015,1106.72998,1131.780029,1153.839966,,-0.018873813,-0.005615093,-0.021038329,-0.012987092,0.004754659,0.004709332,0.005171223,0.002309339,0.024995901,0.044974469
54,0002-03-25,1131.869995,1131.903804,,1138.48999,1144.579956,1147.390015,1146.540039,1136.76001,1125.400024,1126.339966,1122.72998,1125.290039,1117.800049,,0.005848724,0.01122917,0.01371184,0.012960891,0.004320297,-0.005716179,-0.004885746,-0.008075146,-0.00581335,-0.012430709
55,0002-11-11,876.190002,893.3192035,,882.950012,882.530029,904.27002,909.830017,900.359985,896.73999,914.150024,933.76001,930.549988,932.869995,,0.007715233,0.007235904,0.032047864,0.038393516,0.027585322,0.023453803,0.043323962,0.065704936,0.062041322,0.064689157
56,0002-12-19,884.25,888.9047039,,895.76001,897.380005,892.469971,889.659973,875.400024,879.390015,879.820007,909.030029,908.590027,929.01001,,0.013016692,0.014848748,0.009295981,0.006118149,-0.010008455,-0.005496166,-0.005009887,0.028023782,0.027526183,0.05061918
57,0003-01-21,887.619995,888.0776037,,878.359985,887.340027,861.400024,847.47998,858.539978,864.359985,844.609985,855.700012,860.320007,848.200012,,-0.010432404,-0.000315414,-0.029539635,-0.045222072,-0.032761787,-0.026204919,-0.048455432,-0.035961316,-0.030756391,-0.044410878
58,0003-03-24,864.22998,879.4739019,,874.73999,869.950012,868.52002,863.5,848.179993,858.47998,880.900024,876.450012,878.849976,879.929993,,0.012161126,0.006618646,0.004964003,-0.000844659,-0.01857143,-0.006653322,0.019288898,0.014139792,0.016916789,0.018166476
59,0003-04-09,865.98999,876.3557006,,871.580017,868.299988,885.22998,890.809998,879.909973,893.580017,892.01001,911.369995,919.02002,911.429993,,0.006455071,0.002667465,0.022217335,0.028660849,0.016074069,0.031859522,0.03004656,0.052402459,0.061236308,0.052471742
60,0004-03-22,1095.400024,1102.9776,,1093.949951,1091.329956,1109.189941,1108.060059,1122.469971,1127,1126.209961,1132.170044,1141.810059,1150.569946,,-0.001323784,-0.0037156,0.012588933,0.011557454,0.024712385,0.028847887,0.028126654,0.033567664,0.042368116,0.050365091
61,0004-04-20,1118.150024,1118.768697,,1124.089966,1139.930054,1140.599976,1135.530029,1138.109985,1122.410034,1113.890015,1107.300049,1117.48999,1119.550049,,0.005312294,0.019478629,0.020077764,0.015543536,0.017850879,0.003809873,-0.003809872,-0.009703506,-0.000590291,0.00125209
62,0004-06-14,1125.290039,1127.262998,,1132.01001,1133.560059,1132.050049,1135.02002,1130.300049,1134.410034,1144.060059,1140.650024,1134.430054,1133.349976,,0.005971768,0.007349234,0.006007349,0.008646643,0.004452194,0.008104573,0.016680162,0.013649801,0.008122364,0.007162542
63,0004-07-02,1125.380005,1126.7323,,1116.209961,1118.329956,1109.109985,1112.810059,1114.349976,1115.140015,1111.469971,1106.689941,1101.390015,1100.900024,,-0.008148398,-0.006264594,-0.014457357,-0.011169512,-0.00980116,-0.00909914,-0.0123603,-0.01660778,-0.021317235,-0.021752635
64,0004-09-23,1108.359985,1109.395302,,1110.109985,1103.52002,1110.060059,1114.800049,1114.579956,1131.5,1135.170044,1134.47998,1142.050049,1130.650024,,0.001578909,-0.004366781,0.001533864,0.005810444,0.005611869,0.020877707,0.024188945,0.023566346,0.030396319,0.02011083
65,0004-10-14,1103.290039,1112.528204,,1108.199951,1114.02002,1103.22998,1103.660034,1106.48999,1095.73999,1094.800049,1111.089966,1125.400024,1127.439941,,0.004450246,0.00972544,-5.44E-05,0.000335356,0.002900372,-0.006843213,-0.007695157,0.007069698,0.020040048,0.021888988
66,0005-03-21,1183.780029,1187.321698,,1171.709961,1172.530029,1171.420044,1174.280029,1165.359985,1181.410034,1180.589966,1172.920044,1176.119995,1181.390015,,-0.010196209,-0.009503455,-0.010441116,-0.00802514,-0.01556036,-0.002002057,-0.002694811,-0.009173989,-0.006470826,-0.002018968
67,0005-10-05,1196.390015,1214.631998,,1191.48999,1195.900024,1187.329956,1184.869995,1177.680054,1176.839966,1186.569946,1190.099976,1178.140015,1195.76001,,-0.004095675,-0.000409558,-0.007572831,-0.009628984,-0.01563868,-0.016340866,-0.008208083,-0.005257515,-0.015254223,-0.000526588
68,0006-05-17,1270.319946,1288.656604,,1261.810059,1267.030029,1262.069946,1256.579956,1258.569946,1272.880005,1280.160034,1259.869995,1270.089966,1285.709961,,-0.006699011,-0.002589833,-0.006494427,-0.010816165,-0.009249638,0.002015287,0.007746149,-0.008226235,-0.000181041,0.01211507
69,0006-08-04,1279.359985,1279.4233,,1275.77002,1271.47998,1265.949951,1271.810059,1266.73999,1268.209961,1285.579956,1295.430054,1297.47998,1302.300049,,-0.002806063,-0.006159334,-0.01048183,-0.00590133,-0.009864303,-0.008715314,0.004861783,0.012561022,0.014163328,0.017930891
70,0007-02-27,1399.040039,1406.124897,,1406.819946,1403.170044,1387.170044,1374.119995,1395.410034,1391.969971,1401.890015,1402.839966,1406.599976,1377.949951,,0.005560889,0.002952028,-0.008484385,-0.017812245,-0.00259464,-0.005053514,0.002037094,0.002716096,0.00540366,-0.015074685
71,0007-07-26,1482.660034,1485.487097,,1458.949951,1473.910034,1455.27002,1465.810059,1472.199951,1433.060059,1467.670044,1476.709961,1497.48999,1453.089966,,-0.015991584,-0.005901555,-0.018473563,-0.011364692,-0.007054944,-0.03345337,-0.0101102,-0.004013107,0.010002263,-0.01994393
72,0007-10-19,1500.630005,1503.9999,,1506.329956,1519.589966,1515.880005,1514.400024,1535.280029,1540.97998,1531.02002,1549.380005,1508.439941,1509.650024,,0.003798372,0.012634667,0.010162398,0.009176159,0.023090318,0.02688869,0.020251504,0.032486356,0.005204438,0.006010821
73,0007-11-05,1502.170044,1504.306899,,1520.27002,1475.619995,1474.77002,1453.699951,1439.180054,1481.050049,1470.579956,1451.150024,1458.73999,1433.27002,,0.012049219,-0.017674463,-0.018240295,-0.032266715,-0.041932663,-0.014059657,-0.021029635,-0.033964211,-0.028911543,-0.045866994
74,0007-12-11,1477.650024,1489.684102,,1486.589966,1488.410034,1467.949951,1445.900024,1454.97998,1453,1460.119995,1484.459961,1496.449951,1497.660034,,0.006050108,0.007281839,-0.006564527,-0.02148682,-0.015341958,-0.01668191,-0.011863451,0.004608626,0.012722855,0.013541779
75,0007-12-27,1476.27002,1488.3492,,1478.48999,1468.359985,1447.160034,1447.160034,1411.630005,1416.180054,1390.189941,1409.130005,1420.329956,1401.02002,,0.00150377,-0.005358122,-0.019718605,-0.019718605,-0.043786038,-0.040703913,-0.05830917,-0.045479495,-0.03789284,-0.05097306
76,0008-04-22,1375.939941,1382.578202,,1379.930054,1388.819946,1397.839966,1396.369995,1390.939941,1385.589966,1409.339966,1413.900024,1407.48999,1418.26001,,0.002899918,0.009360877,0.015916411,0.014848071,0.010901639,0.007013406,0.024274333,0.027588474,0.022929816,0.030757207
77,0008-06-06,1360.680054,1362.1001,,1361.76001,1358.439941,1335.48999,1339.869995,1360.030029,1360.140015,1350.930054,1337.810059,1342.829956,1317.930054,,0.000793688,-0.001646319,-0.018512849,-0.015293866,-0.000477721,-0.000396889,-0.007165535,-0.016807768,-0.013118512,-0.031418113
78,0009-04-07,815.549988,829.9528991,,825.159973,856.559998,858.72998,841.5,852.059998,865.299988,869.599976,832.390015,850.080017,843.549988,,0.011783441,0.050285097,0.052945856,0.031819033,0.044767348,0.061001779,0.06627428,0.020648675,0.042339562,0.034332659
79,0010-01-28,1084.530029,1088.1075,,1073.869995,1089.189941,1103.319946,1097.280029,1063.109985,1066.189941,1056.73999,1070.52002,1068.130005,1078.469971,,-0.009829174,0.004296711,0.0173254,0.011756244,-0.019750531,-0.016910632,-0.025624038,-0.012918046,-0.01512178,-0.005587727
80,0010-05-06,1128.150024,1139.377496,,1110.880005,1159.72998,1155.790039,1171.670044,1157.439941,1135.680054,1136.939941,1120.800049,1115.050049,1071.589966,,-0.015308265,0.027992692,0.024500301,0.038576447,0.025962785,0.006674671,0.007791443,-0.006515069,-0.011611909,-0.050135227
81,0010-08-05,1125.810059,1126.860997,,1121.640015,1127.790039,1121.060059,1089.469971,1083.609985,1079.25,1079.380005,1092.540039,1094.160034,1075.630005,,-0.003704039,0.001758716,-0.004219184,-0.032279058,-0.037484186,-0.04135694,-0.041241463,-0.029552072,-0.028113113,-0.044572398
82,0011-03-16,1256.880005,1259.244294,,1273.719971,1279.209961,1298.380005,1293.77002,1297.540039,1309.660034,1313.800049,1310.189941,1319.439941,1328.26001,,0.013398229,0.01776618,0.033018267,0.029350467,0.032349973,0.041992894,0.045286777,0.042414499,0.049773993,0.056791424
83,0011-06-01,1314.550049,1316.727897,,1312.939941,1300.160034,1286.170044,1284.939941,1279.560059,1289,1270.97998,1271.829956,1287.869995,1265.420044,,-0.001224836,-0.010946723,-0.02158914,-0.0225249,-0.026617465,-0.019436346,-0.033144473,-0.032497882,-0.020295959,-0.037374009
84,0011-07-12,1313.640015,1316.872399,,1317.719971,1308.869995,1316.140015,1305.439941,1326.72998,1325.839966,1343.800049,1345.02002,1337.430054,1331.939941,,0.00310584,-0.003631147,0.001903109,-0.006242254,0.009964652,0.009287134,0.022959132,0.023887827,0.018110014,0.013930701
85,0011-07-27,1304.890015,1317.1827,,1300.670044,1292.280029,1286.939941,1254.050049,1260.339966,1200.069946,1199.380005,1119.459961,1172.530029,1120.76001,,-0.003233967,-0.009663639,-0.013756005,-0.038961112,-0.034140846,-0.080328662,-0.080857397,-0.142103972,-0.101433825,-0.141107682
86,0011-10-25,1229.050049,1231.675503,,1242,1284.589966,1285.089966,1253.300049,1218.280029,1237.900024,1261.150024,1253.22998,1261.119995,1275.920044,,0.010536553,0.045189305,0.045596123,0.019730686,-0.008762882,0.007200663,0.026117712,0.019673675,0.026093279,0.038135139
87,0011-11-17,1216.130005,1226.801904,,1215.650024,1192.97998,1188.040039,1161.790039,1158.670044,1192.550049,1195.189941,1246.959961,1244.579956,1244.280029,,-0.000394679,-0.019035814,-0.023097832,-0.044682695,-0.047248206,-0.019389338,-0.017218606,0.025350872,0.02339384,0.023147216
88,0012-05-14,1338.349976,1349.666199,,1330.660034,1324.800049,1304.859985,1295.219971,1315.98999,1316.630005,1318.859985,1320.680054,1317.819946,1332.420044,,-0.005745838,-0.010124353,-0.025023343,-0.032226253,-0.016707129,-0.016228917,-0.014562701,-0.013202766,-0.015339807,-0.004430778
89,0012-07-06,1354.680054,1360.194297,,1352.459961,1341.469971,1341.449951,1334.76001,1356.780029,1353.640015,1363.670044,1372.780029,1376.51001,1362.660034,,-0.001638832,-0.009751441,-0.00976622,-0.014704612,0.001550163,-0.000767738,0.006636246,0.01336107,0.016114474,0.005890675
90,0012-07-23,1350.52002,1359.766798,,1338.310059,1337.890015,1360.02002,1385.969971,1385.300049,1379.319946,1375.319946,1365,1390.98999,1394.22998,,-0.009040933,-0.009351957,0.007034327,0.026249112,0.025753064,0.021325064,0.018363242,0.010721781,0.029966213,0.032365281
91,0012-11-07,1394.530029,1401.888499,,1377.51001,1379.849976,1380.030029,1374.530029,1355.48999,1353.329956,1359.880005,1386.890015,1387.810059,1391.030029,,-0.012204842,-0.010526882,-0.010397768,-0.014341749,-0.027995123,-0.029544056,-0.024847098,-0.005478558,-0.004818806,-0.002509806
92,0012-11-26,1406.290039,1406.912001,,1398.939941,1409.930054,1415.949951,1416.180054,1409.459961,1407.050049,1409.280029,1413.939941,1418.069946,1418.550049,,-0.005226588,0.002588381,0.006869075,0.007032699,0.002254103,0.000540436,0.002126155,0.005439775,0.008376584,0.008717981
93,0012-12-14,1413.579956,1414.726399,,1430.359985,1446.790039,1435.810059,1443.689941,1430.150024,1426.660034,1419.829956,1418.099976,1402.430054,1426.189941,,0.011870591,0.023493601,0.015726102,0.021300518,0.011722059,0.009253158,0.004421398,0.003197569,-0.007887705,0.008920603
94,0013-06-24,1573.089966,1577.741498,,1588.030029,1603.26001,1613.199951,1606.280029,1614.959961,1614.079956,1615.410034,1631.890015,1640.459961,1652.319946,,0.009497272,0.019178842,0.025497579,0.021098643,0.026616402,0.02605699,0.02690251,0.037378694,0.042826537,0.050365829
95,0013-08-27,1630.47998,1636.776899,,1634.959961,1638.170044,1632.969971,1639.77002,1653.079956,1655.079956,1655.170044,1671.709961,1683.98999,1689.130005,,0.002747646,0.004716442,0.001527152,0.005697733,0.013860934,0.015087567,0.015142819,0.025287021,0.032818563,0.035971018
96,0013-10-08,1655.449951,1662.084103,,1656.400024,1692.560059,1703.199951,1710.140015,1698.060059,1721.540039,1733.150024,1744.5,1744.660034,1754.670044,,0.000573906,0.022416931,0.028844122,0.033036374,0.025739291,0.039922734,0.046935924,0.053792051,0.053888722,0.059935423
97,0014-02-03,1741.890015,1769.328602,,1755.199951,1751.640015,1773.430054,1797.02002,1799.839966,1819.75,1819.26001,1829.829956,1838.630005,1840.76001,,0.007641089,0.005597368,0.018106791,0.031649533,0.033268433,0.044698566,0.044417268,0.050485358,0.05553737,0.056760182
98,0014-04-11,1815.689941,1828.0079,,1830.609985,1842.97998,1862.310059,1864.849976,1871.890015,1879.550049,1875.390015,1878.609985,1863.400024,1869.430054,,0.008217286,0.015030121,0.025676255,0.027075127,0.030952462,0.035171263,0.032880104,0.034653518,0.026276559,0.029597627
99,0014-08-07,1909.569946,1913.212695,,1931.589966,1936.920044,1933.75,1946.719971,1955.180054,1955.060059,1971.73999,1981.599976,1986.51001,1992.369995,,0.011531403,0.014322648,0.012662565,0.019454655,0.023885016,0.023822177,0.032557092,0.037720551,0.040291828,0.043360574
100,0014-10-01,1946.160034,1957.610295,,1946.170044,1967.900024,1964.819946,1935.099976,1968.890015,1928.209961,1906.130005,1874.73999,1877.699951,1862.48999,,5.14E-06,0.01117071,0.009588067,-0.005683016,0.0116794,-0.009223328,-0.020568724,-0.03669793,-0.035177006,-0.042992376
101,0014-10-27,1961.630005,1961.854995,,1985.050049,1982.300049,1994.650024,2018.050049,2017.810059,2012.099976,2023.569946,2031.209961,2031.920044,2038.26001,,0.011939073,0.010537178,0.01683295,0.028761817,0.028639475,0.025728588,0.031575751,0.035470479,0.035832465,0.039064454
102,0014-12-16,1972.73999,1987.972102,,2012.890015,2061.22998,2070.649902,2078.540039,2082.169922,2081.879883,2088.77002,2090.570068,2080.350098,2058.899902,,0.020352416,0.044856388,0.049631433,0.053631016,0.055471037,0.055324013,0.058816687,0.059729148,0.054548551,0.04367525
103,0015-01-06,2002.609985,2003.103201,,2025.900024,2062.139893,2044.810059,2028.26001,2023.030029,2011.27002,1992.670044,2019.420044,2022.550049,2032.119995,,0.011629843,0.029726162,0.021072537,0.012808298,0.010196715,0.004324374,-0.004963493,0.008394075,0.009957038,0.014735775
104,0015-01-28,2002.160034,2009.979602,,2021.25,1994.98999,2020.849976,2050.030029,2041.51001,2062.52002,2055.469971,2046.73999,2068.590088,2068.530029,,0.009534685,-0.003581154,0.009334889,0.023909175,0.019653762,0.030147433,0.026626212,0.02226593,0.033179193,0.033149196
105,0015-03-11,2040.23999,2040.271003,,2065.949951,2053.399902,2081.189941,2074.280029,2099.5,2089.27002,2108.100098,2104.419922,2091.5,2061.050049,,0.01260144,0.006450178,0.020071144,0.016684331,0.029045608,0.024031501,0.033260846,0.03145705,0.0251245,0.010199809
106,0015-03-26,2056.149902,2056.672102,,2061.02002,2086.23999,2067.889893,2059.689941,2066.959961,2080.620117,2076.330078,2081.899902,2091.179932,2102.060059,,0.002368562,0.01463419,0.005709696,0.001721683,0.005257427,0.011900988,0.009814545,0.012523406,0.01703671,0.022328215
107,0015-06-08,2079.280029,2083.976404,,2080.149902,2105.199951,2108.860107,2094.110107,2084.429932,2096.290039,2100.439941,2121.23999,2109.98999,2122.850098,,0.000418353,0.012465816,0.014226116,0.007132314,0.002476772,0.008180721,0.010176557,0.020180043,0.014769517,0.020954402
108,0015-06-29,2057.639893,2095.451102,,2063.110107,2077.419922,2076.780029,2068.76001,2081.340088,2046.680054,2051.310059,2076.620117,2099.600098,2108.949951,,0.002658489,0.009612969,0.009301985,0.005404307,0.011518145,-0.005326413,-0.003076259,0.009224269,0.020392395,0.024936364
109,0015-07-24,2079.649902,2095.672102,,2067.639893,2093.25,2108.570068,2108.629883,2103.840088,2098.040039,2093.320068,2099.840088,2083.560059,2077.570068,,-0.005775015,0.006539609,0.013906267,0.013935029,0.011631855,0.0088429,0.006573302,0.009708454,0.0018802,-0.001000089
110,0015-08-11,2084.070068,2097.685404,,2086.050049,2083.389893,2091.540039,2102.439941,2096.919922,2079.610107,2035.72998,1970.890015,1893.209961,1867.609985,,0.000950055,-0.000326369,0.003584319,0.008814422,0.00616575,-0.002140024,-0.02319504,-0.054307221,-0.091580466,-0.10386411
111,0015-11-13,2023.040039,2035.163601,,2053.189941,2050.439941,2083.580078,2081.23999,2089.169922,2086.590088,2089.139893,2088.870117,2090.110107,2080.409912,,0.014903265,0.013543925,0.02992528,0.028768561,0.032688371,0.031413144,0.032673527,0.032540176,0.03315311,0.028358249
112,0015-12-11,2012.369995,2031.696899,,2021.939941,2043.410034,2073.070068,2041.890015,2005.550049,2021.150024,2038.969971,2064.290039,2060.98999,2056.5,,0.00475556,0.015424618,0.030163475,0.014669281,-0.003389012,0.004363029,0.013218233,0.025800446,0.024160564,0.021929369
113,0016-01-04,2012.660034,2024.610903,,2016.709961,1990.26001,1943.089966,1922.030029,1923.670044,1938.680054,1890.280029,1921.839966,1880.329956,1881.329956,,0.002012226,-0.011129562,-0.034566229,-0.045029962,-0.044215113,-0.036757316,-0.060805105,-0.045124396,-0.065748848,-0.065251993
114,0016-03-08,1979.26001,1999.658799,,1989.26001,1989.569946,2022.189941,2019.640015,2015.930054,2027.219971,2040.589966,2049.580078,2051.600098,2049.800049,,0.005052393,0.005208985,0.02168989,0.020401567,0.018527148,0.024231259,0.030986306,0.035528464,0.036549058,0.035639602
115,0016-06-27,2000.540039,2033.310997,,2036.089966,2070.77002,2098.860107,2102.949951,2088.550049,2099.72998,2097.899902,2129.899902,2137.159912,2152.139893,,0.017770165,0.035105511,0.049146763,0.051191133,0.043993126,0.049581583,0.048666791,0.064662471,0.068291496,0.075779465
116,0016-10-11,2136.72998,2137.5995,,2139.179932,2132.550049,2132.97998,2126.5,2139.600098,2144.290039,2141.340088,2141.159912,2151.330078,2143.159912,,0.001146589,-0.001956228,-0.001755018,-0.00478768,0.001343229,0.003538144,0.002157553,0.00207323,0.006832917,0.003009239
117,0018-02-08,2581,2637.539709,,2619.550049,2656,2662.939941,2698.629883,2731.199951,2732.219971,2716.26001,2701.330078,2703.959961,2747.300049,,0.01493609,0.029058504,0.031747362,0.045575313,0.058194479,0.058589683,0.052406048,0.046621495,0.047640434,0.06443241
118,0018-03-22,2643.689941,2690.351809,,2588.26001,2658.550049,2612.620117,2605,2640.870117,2581.879883,2614.449951,2644.689941,2662.840088,2604.469971,,-0.02096688,0.005620972,-0.011752446,-0.014634826,-0.001066624,-0.023380222,-0.011060295,0.000378259,0.007243719,-0.014835314
119,0018-04-19,2693.129883,2701.642104,,2670.139893,2670.290039,2634.560059,2639.399902,2666.939941,2669.909912,2648.050049,2654.800049,2635.669922,2629.72998,,-0.008536532,-0.008480781,-0.021747865,-0.019950757,-0.009724723,-0.008621928,-0.016738827,-0.014232449,-0.021335756,-0.023541346