"","Dates","Daily.Returns","X200.MA","Close","X200.D.MA.Price","X50.D.MA.Price","X100.D.MA.Price"
"21","04/03/1991",-0.003,0.1028,369.329987,334.917,NA,NA
"25","08/03/1991",-0.003,0.1183,374.950012,335.28,NA,NA
"29","14/03/1991",-0.003,0.113,373.5,335.578,NA,NA
"33","20/03/1991",0.004,0.0958,367.920013,335.743,NA,NA
"37","26/03/1991",0.017,0.1205,376.299988,335.835,NA,NA
"86","05/06/1991",-0.007,0.1263,385.089996,341.901,378.825199,NA
"90","11/06/1991",0.007,0.1104,381.049988,343.165,379.4255993,NA
"94","17/06/1991",-0.006,0.1039,380.130005,344.361,379.5877997,NA
"98","21/06/1991",0.006,0.0935,377.75,345.463,379.7578003,NA
"102","27/06/1991",0.008,0.0806,374.399994,346.485,379.0396002,374.7458996
"151","06/09/1991",0,0.0669,389.100006,364.698,384.4053986,381.8827994
"155","12/09/1991",0.006,0.058,387.339996,366.12,385.4503986,381.8486994
"159","18/09/1991",0.004,0.053,386.940002,367.458,386.2381989,382.0235989
"163","24/09/1991",0.005,0.0517,387.709991,368.652,387.0235999,382.4238992
"167","30/09/1991",0.005,0.0488,387.859985,369.821,387.3535992,382.7064993
"212","03/12/1991",-0.001,-0.0012,380.959991,381.421,386.3773998,386.6437997
"216","09/12/1991",-0.002,-0.009,378.26001,381.683,385.7878002,386.5653997
"220","13/12/1991",0.008,0.0066,384.470001,381.935,385.0716003,386.4005996
"224","19/12/1991",-0.003,0.001,382.519989,382.148,385.2567999,386.5152996
"228","26/12/1991",0.014,0.0584,404.839996,382.507,386.0655999,386.6843997
"273","02/03/1992",-0.001,0.0552,412.450012,390.858,411.6985991,398.4495995
"277","06/03/1992",-0.005,0.0328,404.440002,391.603,413.5241991,399.6662997
"281","12/03/1992",0,0.0299,403.890015,392.153,413.4201995,400.2499996
"285","18/03/1992",-0.001,0.0423,409.149994,392.543,412.5011999,400.9241
"289","24/03/1992",-0.003,0.0402,408.880005,393.065,411.9401995,401.8229995
"293","30/03/1992",-0.001,0.0238,403,393.634,411.0201996,402.4304992
"338","03/06/1992",0.003,0.0357,414.589996,400.319,410.5400007,411.2920001
"342","09/06/1992",-0.008,0.0228,410.059998,400.903,410.9504011,411.1324002
"346","15/06/1992",0.001,0.0227,410.290009,401.195,411.3844007,410.8329004
"350","19/06/1992",0.007,0.0056,403.670013,401.434,411.7070014,410.4156006
"354","25/06/1992",-0.002,0.0034,403.119995,401.752,411.8958014,410.1081009
"403","03/09/1992",0,0.0231,417.980011,408.539,415.3828009,413.6617011
"407","10/09/1992",0.009,0.026,419.950012,409.297,416.3130005,413.8124008
"411","16/09/1992",0,0.0237,419.920013,410.195,417.0717999,414.2396005
"415","22/09/1992",-0.012,0.0149,417.140015,411.02,417.8044,414.7028009
"419","28/09/1992",0.005,0.0117,416.619995,411.792,417.8086004,414.764501
"464","01/12/1992",-0.001,0.0414,430.779999,413.645,417.4539996,417.5539996
"468","07/12/1992",0.008,0.0513,435.309998,414.054,418.4029993,418.1376999
"472","11/12/1992",-0.002,0.0464,433.730011,414.507,419.9433997,418.9568997
"476","17/12/1992",0.009,0.0494,435.429993,414.924,421.7263995,419.8019998
"480","23/12/1992",-0.003,0.0564,439.029999,415.597,424.4387994,420.5003998
"484","30/12/1992",0.002,0.0542,438.820007,416.276,426.7573993,421.1373999
"525","01/03/1993",-0.003,0.0469,442.01001,422.204,438.3329981,429.7862988
"529","05/03/1993",-0.003,0.0549,446.109985,422.874,439.0845984,431.432999
"533","11/03/1993",-0.006,0.0709,453.720001,423.665,440.150398,433.1913986
"537","17/03/1993",-0.007,0.0564,448.309998,424.389,441.3195972,434.6762979
"541","23/03/1993",0,0.0556,448.76001,425.111,442.7319977,436.0123981
"545","29/03/1993",0.007,0.0584,450.769989,425.89,444.0225977,437.1430985
"590","02/06/1993",0,0.0483,453.850006,432.948,445.2434003,443.7893988
"594","08/06/1993",-0.007,0.0257,444.709991,433.576,445.3933996,444.5895987
"598","14/06/1993",0.001,0.031,447.709991,434.238,445.0121997,444.9702988
"602","18/06/1993",-0.011,0.0202,443.679993,434.895,445.308399,445.4199988
"606","24/06/1993",0.008,0.0256,446.619995,435.453,445.2455987,445.6551987
"610","30/06/1993",0,0.0333,450.529999,436.031,445.3115991,445.8044989
"655","02/09/1993",-0.004,0.0391,461.299988,443.921,450.7489997,448.0575992
"659","09/09/1993",0.002,0.0289,457.5,444.648,451.7199988,448.4834989
"663","15/09/1993",0.004,0.0366,461.600006,445.294,452.621999,449.1387989
"667","21/09/1993",-0.005,0.0159,452.950012,445.859,453.6999989,450.0218985
"671","27/09/1993",0.009,0.0348,461.799988,446.281,454.2629993,450.6111988
"720","06/12/1993",0.003,0.0308,466.429993,452.487,463.049798,458.5722986
"724","10/12/1993",-0.001,0.024,463.929993,453.039,463.5015985,459.3257987
"728","16/12/1993",0.003,0.0219,463.339996,453.399,463.7371985,459.9922986
"732","22/12/1993",0.004,0.03,467.320007,453.69,464.1323987,460.6629987
"736","29/12/1993",-0.001,0.0365,470.579987,454.014,464.4771997,461.463899
"781","03/03/1994",-0.004,0.0064,463.01001,460.087,471.3854004,467.7146997
"785","09/03/1994",0.003,0.0144,467.059998,460.43,471.1854004,467.8169
"789","15/03/1994",-0.001,0.0136,467.01001,460.73,470.9490002,467.7625
"793","21/03/1994",-0.005,0.0162,468.540009,461.07,471.1768005,467.9751004
"797","25/03/1994",-0.008,-0.002,460.579987,461.504,470.7120008,467.9847007
"801","31/03/1994",0,-0.0344,445.769989,461.653,469.1856006,467.6856006
"842","01/06/1994",0.002,-0.0092,457.630005,461.902,451.4390009,461.2685007
"846","07/06/1994",-0.001,-0.0082,458.209991,461.983,450.586001,460.7472009
"850","13/06/1994",0.001,-0.0062,459.100006,461.986,450.4738006,460.1167008
"854","17/06/1994",-0.008,-0.0076,458.450012,461.971,451.7834002,459.5743005
"858","23/06/1994",-0.008,-0.0264,449.630005,461.841,452.2326007,458.8265006
"862","29/06/1994",0.003,-0.0302,447.630005,461.58,452.2210003,457.4653006
"907","01/09/1994",-0.005,0.0273,473.170013,460.582,456.7282007,454.4482007
"911","08/09/1994",0.005,0.0269,473.140015,460.728,458.6118005,455.4175003
"915","14/09/1994",0.003,0.0172,468.799988,460.875,460.4292004,456.4365005
"919","20/09/1994",-0.016,0.005,463.359985,461.06,462.3336004,457.2836004
"923","26/09/1994",0.003,-3e-04,460.820007,460.967,463.2857995,457.6806002
"927","30/09/1994",0.001,0.0039,462.709991,460.932,463.9879992,458.2476998
"972","05/12/1994",0,-0.0119,453.320007,458.765,461.9192004,462.5398999
"976","09/12/1994",0.003,-0.0249,446.959991,458.38,461.0338006,462.4045001
"980","15/12/1994",0.001,-0.006,455.339996,458.078,460.239201,462.3043002
"984","21/12/1994",0.005,0.0037,459.609985,457.926,460.4218011,462.4115002
"988","28/12/1994",-0.003,0.0066,460.859985,457.818,459.8906,462.4131997
"1033","03/03/1995",0.001,0.0496,485.420013,462.481,471.5517993,466.0062003
"1037","09/03/1995",0,0.0434,483.160004,463.071,473.5536004,466.7884003
"1041","15/03/1995",-0.002,0.0607,491.880005,463.722,475.791601,467.5851004
"1045","21/03/1995",-0.002,0.0659,495.070007,464.457,478.5538019,468.8336005
"1049","27/03/1995",0.004,0.0816,503.200012,465.235,481.3908026,469.9643008
"1053","31/03/1995",-0.003,0.0743,500.709991,466.093,484.1374029,471.4375006
"1098","06/06/1995",0,0.115,535.549988,480.295,515.7966015,498.2004022
"1102","12/06/1995",0.006,0.1022,530.880005,481.643,518.1522009,500.8197018
"1106","16/06/1995",0.005,0.1179,539.830017,482.882,520.7622003,503.5523013
"1110","22/06/1995",0.013,0.1379,551.070007,484.295,523.7407989,506.5723007
"1114","28/06/1995",0.004,0.1212,544.72998,485.839,526.9263989,509.6245007
"1163","07/09/1995",0,0.1209,570.289978,508.759,557.716399,541.958399
"1167","13/09/1995",0.004,0.1322,578.77002,511.173,560.0685987,544.6751984
"1171","19/09/1995",0.002,0.1371,584.200012,513.756,562.5443983,547.4987988
"1175","25/09/1995",0,0.1267,581.809998,516.38,564.5811976,550.2819989
"1179","29/09/1995",-0.002,0.1259,584.409973,519.07,566.5427967,552.7322986
"1224","04/12/1995",0.011,0.1229,613.679993,546.49,588.6725977,576.4195978
"1228","08/12/1995",0.002,0.1244,617.47998,549.145,591.5069983,578.6759974
"1232","14/12/1995",-0.008,0.118,616.919983,551.807,594.3695996,581.3029981
"1236","20/12/1995",-0.01,0.093,605.940002,554.376,596.9104004,583.3143989
"1240","27/12/1995",0,0.1036,614.530029,556.86,599.2723999,585.3486988
"1285","01/03/1996",0.006,0.1031,644.369995,584.169,628.145404,612.1923022
"1289","07/03/1996",0.003,0.114,653.650024,586.736,631.3986034,615.0375018
"1293","13/03/1996",0.002,0.0841,638.549988,589.01,633.5062048,617.2626019
"1297","19/03/1996",-0.001,0.1022,651.690002,591.263,635.4470043,619.5005017
"1301","25/03/1996",-0.001,0.0951,650.039978,593.587,638.8950036,622.2939019
"1305","29/03/1996",-0.005,0.0832,645.5,595.935,642.583402,624.8424017
"1350","04/06/1996",0.007,0.0875,672.559998,618.463,654.0471973,645.9918005
"1354","10/06/1996",-0.002,0.0828,672.159973,620.779,655.9431995,648.8376007
"1358","14/06/1996",-0.003,0.0688,665.849976,622.997,657.4763977,651.2400995
"1362","20/06/1996",0,0.0594,662.099976,624.993,658.6135975,653.0763989
"1366","26/06/1996",-0.006,0.0598,664.390015,626.889,661.0613965,654.4505981
"1415","05/09/1996",-0.009,0.0087,649.440002,643.854,654.6188012,657.580199
"1419","11/09/1996",0.005,0.0345,667.280029,645.041,653.8316015,658.1799994
"1423","17/09/1996",-0.002,0.0564,682.940002,646.451,654.3040014,659.2623993
"1427","23/09/1996",-0.001,0.0597,686.47998,647.831,656.8124023,660.4601996
"1431","27/09/1996",0,0.057,686.190002,649.19,660.9194018,662.093999
"1476","02/12/1996",-0.001,0.129,756.559998,670.135,713.0238037,684.5045025
"1480","06/12/1996",-0.006,0.1004,739.599976,672.128,718.0112036,688.9474029
"1484","12/12/1996",-0.015,0.082,729.299988,674.009,722.5946021,693.2224023
"1488","18/12/1996",0.008,0.0828,731.539978,675.577,724.8619995,697.0661017
"1492","24/12/1996",0.006,0.1085,751.030029,677.546,728.4707996,701.2356012
"1496","31/12/1996",-0.017,0.0896,740.73999,679.844,732.4704004,704.9179016
"1541","06/03/1997",-0.004,0.1257,798.559998,709.362,778.3894006,752.9675
"1545","12/03/1997",-0.009,0.1296,804.26001,711.976,782.7486011,757.1409009
"1549","18/03/1997",-0.008,0.1052,789.659973,714.484,786.8100012,760.6256012
"1553","24/03/1997",0.009,0.1035,790.890015,716.737,789.570802,763.9700012
"1557","31/03/1997",-0.022,0.053,757.119995,719.031,791.3562024,767.2990009
"1602","03/06/1997",-0.001,0.1252,845.47998,751.372,796.6652026,792.8255023
"1606","09/06/1997",0.006,0.1429,862.909973,754.995,801.314602,796.2686023
"1610","13/06/1997",0.011,0.1768,893.27002,759.061,810.1238025,800.1825025
"1614","19/06/1997",0.01,0.1757,897.98999,763.769,820.8074024,804.718703
"1618","25/06/1997",-0.008,0.1568,888.98999,768.505,832.2340027,809.568103
"1667","04/09/1997",0.003,0.131,930.869995,823.074,922.716399,875.9491004
"1671","10/09/1997",-0.016,0.1115,919.030029,826.868,926.0849988,882.9590003
"1675","16/09/1997",0.028,0.1391,945.640015,830.161,927.6485987,888.9624005
"1679","22/09/1997",0.005,0.1455,955.429993,834.058,930.3319983,895.7912006
"1683","26/09/1997",0.008,0.1278,945.219971,838.101,932.1787964,901.2573999
"1728","01/12/1997",0.02,0.1087,974.77002,879.174,946.0464001,937.8218994
"1732","05/12/1997",0.011,0.1148,983.789978,882.455,947.9258008,940.0390991
"1736","11/12/1997",-0.015,0.078,954.940002,885.865,950.4854004,942.1919989
"1740","17/12/1997",-0.003,0.0858,965.539978,889.203,950.2088,943.0932996
"1744","23/12/1997",-0.015,0.0526,939.130005,892.214,948.7440002,943.4531
"1748","30/12/1997",0.018,0.0847,970.840027,895.031,946.789801,942.9682001
"1789","02/03/1998",-0.002,0.1168,1047.699951,938.095,984.2110047,967.2564026
"1793","06/03/1998",0.02,0.1203,1055.689941,942.3,991.1398047,970.0747022
"1797","12/03/1998",0.001,0.1302,1069.920044,946.685,1000.714403,973.7711023
"1801","18/03/1998",0.005,0.1412,1085.52002,951.23,1009.286204,978.4806024
"1805","24/03/1998",0.009,0.1563,1105.650024,956.203,1019.411605,984.8022034
"1809","30/03/1998",-0.002,0.138,1093.599976,960.944,1031.948806,992.2473047
"1854","03/06/1998",-0.01,0.0786,1082.72998,1003.801,1108.067603,1062.344603
"1858","09/06/1998",0.002,0.1101,1118.410034,1007.443,1108.131797,1068.665302
"1862","15/06/1998",-0.02,0.0651,1077.01001,1011.155,1108.635198,1074.418602
"1866","19/06/1998",-0.005,0.0846,1100.650024,1014.823,1106.723997,1079.715502
"1870","25/06/1998",-0.003,0.1088,1129.280029,1018.51,1107.093396,1085.155301
"1919","03/09/1998",-0.008,-0.0735,982.26001,1060.208,1113.283196,1110.016996
"1923","10/09/1998",-0.026,-0.0763,980.190002,1061.197,1102.322398,1105.215497
"1927","16/09/1998",0.008,-0.0159,1045.47998,1062.419,1091.732398,1100.777596
"1931","22/09/1998",0.006,-0.0319,1029.630005,1063.568,1081.020397,1098.119196
"1935","28/09/1998",0.004,-0.0152,1048.689941,1064.909,1070.652797,1095.247896
"1980","01/12/1998",0.01,0.0784,1175.280029,1089.872,1078.496196,1081.162696
"1984","07/12/1998",0.009,0.087,1187.699951,1092.652,1088.717798,1081.077697
"1988","11/12/1998",0.001,0.0648,1166.459961,1095.439,1099.880198,1081.054498
"1992","17/12/1998",0.016,0.075,1179.97998,1097.619,1113.285994,1081.459796
"1996","23/12/1998",0.021,0.1164,1228.540039,1100.455,1130.529991,1084.013295
"2000","30/12/1998",-0.008,0.1162,1231.930054,1103.634,1146.887393,1089.678196
"2041","02/03/1999",-0.009,0.0825,1225.5,1132.11,1239.351404,1174.5452
"2045","08/03/1999",0.006,0.1304,1282.72998,1134.78,1244.201804,1185.307299
"2049","12/03/1999",-0.002,0.1373,1294.589966,1138.324,1249.466204,1196.322898
"2053","18/03/1999",0.014,0.1523,1316.550049,1142.496,1254.965801,1205.856796
"2057","24/03/1999",0.005,0.1065,1268.589966,1146.448,1257.226804,1214.738597
"2061","30/03/1999",-0.007,0.1311,1300.75,1150.001,1261.258206,1222.611198
"2106","03/06/1999",0.004,0.087,1299.540039,1195.58,1325.225005,1291.355404
"2110","09/06/1999",0.001,0.0988,1318.640015,1200.103,1328.737405,1294.018004
"2114","15/06/1999",0.006,0.0803,1301.160034,1204.417,1329.099204,1296.468304
"2118","21/06/1999",0.005,0.1141,1349,1210.882,1329.187805,1300.145005
"2122","25/06/1999",0,0.0802,1315.310059,1217.7,1328.15741,1302.870405
"2171","03/09/1999",0.029,0.0513,1357.23999,1291.042,1350.846406,1339.628507
"2175","10/09/1999",0.003,0.0437,1351.660034,1295.04,1352.558606,1341.025808
"2179","16/09/1999",0,0.0157,1318.47998,1298.038,1348.899409,1340.946709
"2183","22/09/1999",0.002,0.0071,1310.51001,1301.222,1342.986409,1339.751008
"2187","28/09/1999",-0.001,-0.0162,1282.199951,1303.333,1333.615608,1337.575708
"2232","01/12/1999",0.006,0.0524,1397.719971,1328.124,1336.074399,1340.445604
"2236","07/12/1999",-0.01,0.0583,1409.170044,1331.578,1345.825,1341.075004
"2240","13/12/1999",-0.001,0.0603,1415.219971,1334.729,1356.257202,1341.628804
"2244","17/12/1999",0.002,0.0618,1421.030029,1338.302,1364.984001,1343.848705
"2248","23/12/1999",0.015,0.0873,1458.339966,1341.221,1373.119402,1347.303505
"2252","30/12/1999",0.001,0.0893,1464.469971,1344.374,1388.440398,1353.254004
"2297","06/03/2000",-0.013,0.021,1391.280029,1362.666,1413.3146,1391.986101
"2301","10/03/2000",-0.005,0.0228,1395.069946,1363.941,1407.435798,1395.844799
"2305","16/03/2000",0.048,0.0679,1458.469971,1365.68,1400.9874,1400.259698
"2309","22/03/2000",0.005,0.0963,1500.640015,1368.764,1405.5272,1407.255098
"2313","28/03/2000",-0.011,0.0981,1507.72998,1372.998,1411.551597,1413.975897
"2358","01/06/2000",0.02,0.0391,1448.810059,1394.269,1450.964597,1427.721898
"2362","07/06/2000",0.009,0.0533,1471.359985,1396.84,1447.008999,1428.538499
"2366","13/06/2000",0.016,0.0506,1469.439941,1398.683,1443.167998,1428.639597
"2370","19/06/2000",0.015,0.0603,1486,1401.48,1441.098398,1430.486397
"2374","23/06/2000",-0.007,0.0266,1441.47998,1404.091,1438.508801,1433.846296
"2378","29/06/2000",-0.009,0.0257,1442.390015,1406.203,1441.238401,1435.190497
"2423","01/09/2000",0.002,0.0548,1520.77002,1441.829,1475.538398,1457.507699
"2427","08/09/2000",-0.005,0.0353,1494.5,1443.549,1480.000195,1460.085498
"2431","14/09/2000",-0.003,0.0248,1480.869995,1445.072,1482.586397,1462.541499
"2435","20/09/2000",-0.006,0.0036,1451.339966,1446.182,1482.459797,1462.7203
"2439","26/09/2000",-0.008,-0.0136,1427.209961,1446.9,1478.630198,1462.781
"2488","05/12/2000",0.039,-0.0424,1376.540039,1437.531,1385.735393,1432.892295
"2492","11/12/2000",0.008,-0.04,1380.199951,1437.74,1379.542195,1427.344996
"2496","15/12/2000",-0.021,-0.0873,1312.150024,1437.625,1373.917798,1422.722798
"2500","21/12/2000",0.008,-0.1122,1274.859985,1436.037,1365.335996,1417.247498
"2504","28/12/2000",0.004,-0.0699,1334.219971,1434.464,1360.971194,1411.573796
"2549","06/03/2001",0.01,-0.1058,1253.800049,1402.111,1314.373604,1341.0776
"2553","12/03/2001",-0.043,-0.1565,1180.160034,1399.087,1311.435808,1336.6605
"2557","16/03/2001",-0.02,-0.1751,1150.530029,1394.772,1300.463809,1329.286602
"2561","22/03/2001",-0.004,-0.1952,1117.579956,1388.631,1286.683611,1319.590201
"2565","28/03/2001",-0.024,-0.1657,1153.290039,1382.353,1273.340208,1309.792101
"2610","01/06/2001",0.004,-0.0509,1260.670044,1328.222,1218.416597,1254.287303
"2614","07/06/2001",0.005,-0.0354,1276.959961,1323.869,1229.399399,1252.733604
"2618","13/06/2001",-0.011,-0.0587,1241.599976,1319.07,1237.567798,1250.028802
"2622","19/06/2001",0.003,-0.0767,1212.579956,1313.327,1245.1126,1244.770001
"2626","25/06/2001",-0.006,-0.0681,1218.599976,1307.628,1251.068999,1239.247501
"2630","29/06/2001",-0.001,-0.0597,1224.380005,1302.15,1252.658594,1233.5412
"2675","04/09/2001",-0.001,-0.0956,1132.939941,1252.738,1194.427803,1222.153801
"2679","10/09/2001",0.006,-0.1243,1092.540039,1247.66,1186.129404,1219.5136
"2683","20/09/2001",-0.031,-0.2071,984.539978,1241.759,1171.297407,1211.723201
"2687","26/09/2001",-0.005,-0.1846,1007.039978,1235.048,1154.816007,1202.1259
"2736","05/12/2001",0.022,-0.0057,1170.349976,1177.086,1096.769801,1127.485404
"2740","11/12/2001",-0.003,-0.0318,1136.76001,1174.15,1107.906404,1125.987103
"2744","17/12/2001",0.01,-0.0318,1134.359985,1171.623,1113.596602,1122.753904
"2748","21/12/2001",0.004,-0.0211,1144.890015,1169.591,1119.500806,1120.781405
"2752","28/12/2001",0.003,-0.0055,1161.02002,1167.462,1123.889605,1118.496805
"2797","06/03/2002",0.015,0.0095,1162.77002,1151.86,1126.678001,1122.500002
"2801","12/03/2002",-0.002,0.0138,1165.579956,1149.765,1128.158801,1125.428303
"2805","18/03/2002",-0.001,0.0162,1165.550049,1146.943,1128.518201,1128.649804
"2809","22/03/2002",-0.004,0.0035,1148.699951,1144.714,1128.076201,1131.462904
"2813","28/03/2002",0.002,0.0045,1147.390015,1142.196,1127.434998,1134.074502
"2858","03/06/2002",-0.025,-0.0669,1040.680054,1115.304,1101.465198,1114.841899
"2862","07/06/2002",-0.002,-0.0763,1027.530029,1112.348,1093.220601,1110.2661
"2866","13/06/2002",-0.01,-0.0899,1009.559998,1109.344,1083.5578,1105.676901
"2870","19/06/2002",-0.017,-0.0781,1019.98999,1106.447,1075.365402,1101.5061
"2874","25/06/2002",-0.017,-0.1153,976.140015,1103.396,1066.268801,1096.782
"2923","04/09/2002",0.018,-0.1601,893.400024,1063.656,915.1180029,991.8763025
"2927","10/09/2002",0.007,-0.1408,909.580017,1058.63,907.8460034,982.890603
"2931","16/09/2002",0.001,-0.1543,891.099976,1053.637,902.5500024,974.2638037
"2935","20/09/2002",0.002,-0.1936,845.390015,1048.334,895.311803,965.7739051
"2939","26/09/2002",0.018,-0.1794,854.950012,1041.822,888.7200025,955.9406037
"2988","05/12/2002",-0.012,-0.0755,906.549988,980.554,879.3036047,884.6246039
"2992","11/12/2002",0.001,-0.0734,904.960022,976.682,884.8630041,885.4140039
"2996","17/12/2002",-0.008,-0.0712,902.98999,972.203,891.0844055,888.4816046
"3000","23/12/2002",0.002,-0.0719,897.380005,966.92,899.2766052,888.5608038
"3004","30/12/2002",0.005,-0.0854,879.390015,961.49,902.0138037,889.6792041
"3049","06/03/2003",-0.009,-0.0929,822.099976,906.284,868.4770007,882.9584027
"3053","12/03/2003",0.004,-0.1073,804.190002,900.805,862.1556005,881.9309021
"3057","18/03/2003",0.004,-0.033,866.450012,896.013,857.9257995,880.0191021
"3061","24/03/2003",-0.035,-0.0318,864.22998,892.58,854.7551989,879.4739019
"3065","28/03/2003",-0.006,-0.0292,863.5,889.462,850.042799,878.7598016
"3110","03/06/2003",0.005,0.0969,971.559998,885.739,907.9533973,881.4956982
"3114","09/06/2003",-0.012,0.1007,975.929993,886.682,916.5731983,883.9393982
"3118","13/06/2003",-0.01,0.114,988.609985,887.461,926.9347987,886.8443988
"3122","19/06/2003",-0.015,0.1187,994.700012,889.134,937.0341981,891.9081983
"3126","25/06/2003",-0.008,0.0944,975.320007,891.189,946.4605994,897.3130994
"3175","04/09/2003",0.002,0.1152,1027.969971,921.769,991.1928027,967.6752008
"3179","10/09/2003",-0.012,0.0939,1010.919983,924.185,994.8600025,973.4744013
"3183","16/09/2003",0.014,0.1117,1029.319946,925.936,997.3502015,977.9224006
"3187","22/09/2003",-0.013,0.1022,1022.820007,927.94,999.910199,982.8048993
"3191","26/09/2003",-0.006,0.0717,996.849976,930.12,1001.27,986.5514002
"3236","01/12/2003",0.011,0.1082,1070.119995,965.648,1038.783398,1018.870798
"3240","05/12/2003",-0.008,0.0941,1061.5,970.163,1042.256595,1021.671498
"3244","11/12/2003",0.011,0.099,1071.209961,974.678,1047.203799,1024.692399
"3248","17/12/2003",0.001,0.0991,1076.47998,979.445,1050.921001,1028.0076
"3252","23/12/2003",0.003,0.113,1096.02002,984.74,1054.8698,1031.8442
"3256","30/12/2003",0,0.1204,1109.640015,990.366,1058.945203,1036.8434
"3297","01/03/2004",0.01,0.1113,1155.969971,1040.183,1128.270005,1089.187703
"3301","05/03/2004",0.002,0.1076,1156.859985,1044.482,1133.900403,1093.836302
"3305","11/03/2004",-0.015,0.0553,1106.780029,1048.784,1137.693201,1097.725101
"3309","17/03/2004",0.012,0.0683,1123.75,1051.907,1137.753599,1100.349501
"3313","23/03/2004",-0.001,0.0373,1093.949951,1054.588,1136.695798,1103.6203
"3317","29/03/2004",0.013,0.0621,1122.469971,1056.871,1134.729797,1105.7201
"3362","02/06/2004",0.003,0.0359,1124.98999,1086.029,1116.901797,1127.163998
"3366","08/06/2004",0.002,0.0492,1142.180054,1088.586,1119.1954,1127.187198
"3370","15/06/2004",0.006,0.0373,1132.01001,1091.329,1120.226001,1127.128198
"3374","21/06/2004",-0.004,0.0333,1130.300049,1093.844,1119.424602,1126.5698
"3378","25/06/2004",-0.005,0.035,1134.430054,1096.055,1119.323208,1126.686301
"3427","03/09/2004",-0.004,0.0012,1113.630005,1112.266,1101.780793,1110.4399
"3431","10/09/2004",0.005,0.009,1123.920044,1113.844,1100.279795,1109.925101
"3435","16/09/2004",0.003,0.0073,1123.5,1115.338,1100.021196,1109.729601
"3439","22/09/2004",-0.014,-0.0027,1113.560059,1116.557,1101.000198,1109.398601
"3443","28/09/2004",0.006,-0.0066,1110.060059,1117.432,1101.0174,1109.171801
"3488","01/12/2004",0.015,0.0614,1191.369995,1122.403,1138.628206,1119.664701
"3492","07/12/2004",-0.011,0.0479,1177.069946,1123.218,1144.664004,1122.819402
"3496","13/12/2004",0.009,0.0664,1198.680054,1124.061,1150.547202,1126.142201
"3500","17/12/2004",-0.007,0.0614,1194.199951,1125.11,1155.903,1130.632703
"3504","23/12/2004",0,0.0746,1210.130005,1126.132,1161.999998,1134.629501
"3508","30/12/2004",0,0.0758,1213.550049,1128.064,1170.057598,1139.620002
"3549","01/03/2005",0.006,0.0596,1210.410034,1142.367,1193.913198,1174.2965
"3553","07/03/2005",0.003,0.0703,1225.310059,1144.794,1195.0246,1177.634999
"3557","11/03/2005",-0.008,0.046,1200.079956,1147.264,1195.481401,1181.7752
"3561","17/03/2005",0.002,0.036,1190.209961,1148.878,1194.515999,1185.428499
"3565","23/03/2005",0.001,0.0195,1172.530029,1150.128,1194.305598,1188.511698
"3569","30/03/2005",0.014,0.0266,1181.410034,1150.794,1193.209602,1190.160499
"3614","02/06/2005",0.002,0.0334,1204.290039,1165.339,1172.325798,1183.460498
"3618","08/06/2005",-0.002,0.0233,1194.670044,1167.482,1174.428599,1183.94
"3622","14/06/2005",0.003,0.0295,1203.910034,1169.445,1176.313599,1184.459501
"3626","20/06/2005",-0.001,0.038,1216.099976,1171.552,1178.427397,1186.089199
"3630","24/06/2005",-0.008,0.0155,1191.569946,1173.426,1180.834597,1187.519899
"3634","30/06/2005",-0.007,0.014,1191.329956,1174.862,1184.439592,1187.601497
"3679","02/09/2005",-0.003,0.0185,1218.02002,1195.846,1220.005593,1200.150696
"3683","09/09/2005",0.008,0.0373,1241.47998,1196.877,1222.703198,1203.100696
"3687","15/09/2005",0,0.0248,1227.72998,1197.98,1225.699001,1206.481196
"3691","21/09/2005",-0.009,0.0095,1210.199951,1198.836,1227.576804,1209.525897
"3695","27/09/2005",0,0.0135,1215.660034,1199.418,1226.693203,1211.524996
"3744","06/12/2005",0.001,0.0484,1263.699951,1205.396,1218.25,1222.594502
"3748","12/12/2005",0.001,0.0446,1260.430054,1206.645,1221.458396,1223.821301
"3752","16/12/2005",-0.003,0.0493,1267.319946,1207.83,1225.561797,1225.3276
"3756","22/12/2005",0.004,0.0492,1268.119995,1208.709,1231.362998,1226.3237
"3760","29/12/2005",-0.003,0.0368,1254.420044,1209.896,1237.769001,1227.3242
"3801","01/03/2006",0.008,0.0482,1291.23999,1231.861,1274.110007,1249.090403
"3805","07/03/2006",-0.002,0.0338,1275.880005,1234.195,1275.871409,1252.838003
"3809","13/03/2006",0.002,0.039,1284.130005,1235.894,1276.909206,1256.658403
"3813","17/03/2006",0.001,0.056,1307.25,1237.954,1280.114802,1261.140002
"3817","23/03/2006",-0.003,0.0497,1301.670044,1240.027,1281.956003,1265.617102
"3821","29/03/2006",0.007,0.049,1302.890015,1242.069,1282.794402,1269.740901
"3866","02/06/2006",0.002,0.023,1288.219971,1259.216,1296.193198,1288.925701
"3870","08/06/2006",0.001,-0.0018,1257.930054,1260.192,1293.437998,1288.06
"3874","14/06/2006",0.005,-0.0244,1230.040039,1260.742,1289.040398,1286.438498
"3878","20/06/2006",0,-0.0169,1240.119995,1261.401,1284.110996,1285.6487
"3882","26/06/2006",0.005,-0.0089,1250.560059,1261.766,1280.423196,1284.244701
"3886","30/06/2006",-0.002,0.0064,1270.199951,1262.085,1276.762595,1283.507501
"3931","05/09/2006",0.002,0.0282,1313.25,1277.19,1272.869402,1277.082499
"3935","11/09/2006",0,0.0166,1299.540039,1278.337,1277.393203,1277.4485
"3939","15/09/2006",0.003,0.0315,1319.660034,1279.309,1280.447605,1277.5096
"3943","21/09/2006",-0.005,0.0293,1318.030029,1280.543,1284.534209,1278.071401
"3947","27/09/2006",0,0.0427,1336.589966,1281.826,1291.013411,1278.639003
"3996","06/12/2006",-0.001,0.0809,1412.900024,1307.16,1374.477791,1331.727001
"4000","12/12/2006",-0.001,0.0779,1411.560059,1309.555,1380.385794,1338.354801
"4004","18/12/2006",-0.003,0.084,1422.47998,1312.2,1386.555796,1344.7435
"4008","22/12/2006",-0.005,0.0727,1410.76001,1315.125,1392.280598,1350.7488
"4012","29/12/2006",-0.005,0.0764,1418.300049,1317.691,1396.633997,1356.412999
"4053","02/03/2007",-0.011,0.0321,1387.170044,1344.006,1431.039402,1408.058899
"4057","08/03/2007",0.007,0.0414,1401.890015,1346.156,1428.039802,1409.476699
"4061","14/03/2007",0.007,0.0284,1387.170044,1348.881,1426.369399,1410.894899
"4065","20/03/2007",0.006,0.0441,1410.939941,1351.308,1424.179202,1411.925399
"4069","26/03/2007",0.001,0.0614,1437.5,1354.376,1425.521604,1413.8347
"4073","30/03/2007",-0.001,0.0464,1420.859985,1357.886,1425.297605,1415.883199
"4118","05/06/2007",-0.005,0.0861,1530.949951,1409.552,1483.123599,1454.110001
"4122","11/06/2007",0.001,0.0674,1509.119995,1413.822,1489.668999,1457.564202
"4126","15/06/2007",0.007,0.081,1532.910034,1418.111,1496.369998,1460.867402
"4130","21/06/2007",0.006,0.07,1522.189941,1422.587,1503.057397,1464.830402
"4134","27/06/2007",0.009,0.0559,1506.339966,1426.572,1507.207998,1467.648003
"4183","06/09/2007",0.004,0.0132,1478.550049,1459.353,1487.2198,1496.968298
"4187","12/09/2007",0,0.0075,1471.560059,1460.608,1484.159802,1496.6908
"4191","18/09/2007",0.029,0.0393,1519.780029,1462.311,1480.485203,1496.443799
"4195","24/09/2007",-0.005,0.0362,1517.72998,1464.748,1480.182805,1497.807
"4199","28/09/2007",-0.003,0.0407,1526.75,1466.983,1478.066404,1498.590299
"4244","03/12/2007",-0.006,-0.0078,1472.420044,1483.951,1505.749597,1493.185701
"4248","07/12/2007",-0.002,0.0136,1504.660034,1484.442,1502.578599,1490.470402
"4252","13/12/2007",0.001,0.0017,1488.410034,1485.835,1499.239797,1488.569802
"4256","19/12/2007",-0.001,-0.0231,1453,1487.321,1492.5326,1487.434802
"4260","26/12/2007",0.001,0.006,1497.660034,1488.775,1485.536597,1487.703201
"4305","03/03/2008",0.001,-0.0948,1331.339966,1470.715,1386.425601,1440.4551
"4309","07/03/2008",-0.008,-0.1183,1293.369995,1466.822,1375.296999,1431.070299
"4313","13/03/2008",0.005,-0.1005,1315.47998,1462.455,1360.2428,1421.129099
"4317","19/03/2008",-0.024,-0.1094,1298.420044,1457.933,1348.975798,1412.5724
"4321","26/03/2008",-0.009,-0.0778,1341.130005,1454.196,1342.8752,1404.815
"4370","04/06/2008",0,-0.0335,1377.199951,1424.918,1380.7802,1362.5011
"4374","10/06/2008",-0.002,-0.0457,1358.439941,1423.423,1384.152002,1361.352501
"4378","16/06/2008",0,-0.043,1360.140015,1421.187,1383.434199,1361.869402
"4382","20/06/2008",-0.019,-0.071,1317.930054,1418.721,1382.008999,1362.034104
"4386","26/06/2008",-0.029,-0.0937,1283.150024,1415.802,1380.3302,1359.835203
"4435","05/09/2008",0.004,-0.0835,1242.310059,1355.531,1270.499792,1325.539597
"4439","11/09/2008",0.014,-0.0759,1249.050049,1351.712,1266.562795,1320.655798
"4443","17/09/2008",-0.047,-0.1417,1156.390015,1347.377,1263.470991,1314.397698
"4447","23/09/2008",-0.016,-0.1146,1188.219971,1341.995,1259.746992,1306.940999
"4451","29/09/2008",-0.088,-0.1718,1106.420044,1335.95,1256.699993,1298.416499
"4496","02/12/2008",0.04,-0.3109,848.809998,1231.824,963.0562037,1111.725598
"4500","08/12/2008",0.038,-0.2556,909.700012,1222.006,936.0658033,1096.853397
"4504","12/12/2008",0.007,-0.2744,879.72998,1212.358,914.5476013,1081.985397
"4508","18/12/2008",-0.021,-0.2645,885.280029,1203.576,900.5330005,1067.375797
"4512","24/12/2008",0.006,-0.2736,868.150024,1195.157,894.7434021,1051.703797
"4516","31/12/2008",0.014,-0.2389,903.25,1186.717,888.907002,1035.822398
"4557","03/03/2009",-0.006,-0.3535,696.330017,1076.994,842.5656006,872.4674005
"4561","09/03/2009",-0.01,-0.3632,676.530029,1062.425,827.0840002,862.3156012
"4565","13/03/2009",0.008,-0.2788,756.549988,1049.034,814.9780005,852.4416009
"4569","19/03/2009",-0.013,-0.2436,784.039978,1036.573,803.5733996,845.4929004
"4573","25/03/2009",0.01,-0.2059,813.880005,1024.883,794.3771985,841.5659998
"4577","31/03/2009",0.013,-0.2133,797.869995,1014.157,790.8131994,835.8757995
"4622","04/06/2009",0.011,0.0207,942.460022,923.318,870.6585987,833.3601984
"4626","10/06/2009",-0.003,0.0245,939.150024,916.651,880.5650001,836.2511994
"4630","16/06/2009",-0.013,0.0023,911.969971,909.86,891.0271998,840.3977002
"4634","22/06/2009",-0.031,-0.0105,893.039978,902.491,897.8990003,843.6031995
"4638","26/06/2009",-0.001,0.0259,918.900024,895.68,901.9088001,845.9910987
"4687","04/09/2009",0.013,0.153,1016.400024,881.537,969.4805981,935.012699
"4691","11/09/2009",-0.001,0.1768,1042.72998,886.043,978.1523987,942.0121997
"4695","17/09/2009",-0.003,0.1977,1065.48999,889.645,990.4315979,950.0289997
"4699","23/09/2009",-0.01,0.1865,1060.869995,894.09,1004.9854,958.1389008
"4703","29/09/2009",-0.002,0.182,1060.609985,897.317,1014.9728,964.2481006
"4748","02/12/2009",0,0.1733,1109.23999,945.421,1075.343999,1038.458599
"4752","08/12/2009",-0.01,0.1469,1091.939941,952.109,1079.157998,1045.839399
"4756","14/12/2009",0.007,0.1618,1114.109985,958.962,1082.880598,1051.804298
"4760","18/12/2009",0.006,0.1399,1102.469971,967.136,1087.867202,1056.903799
"4764","24/12/2009",0.005,0.1549,1126.47998,975.407,1091.242805,1061.934999
"4768","31/12/2009",-0.01,0.1347,1115.099976,982.745,1093.897002,1066.844499
"4809","03/03/2010",0,0.0806,1118.790039,1035.328,1108.985996,1098.041599
"4813","09/03/2010",0.002,0.0967,1140.449951,1039.902,1110.752795,1100.5238
"4817","15/03/2010",0,0.101,1150.51001,1044.94,1112.457595,1102.892198
"4821","19/03/2010",-0.005,0.1051,1159.900024,1049.582,1115.077192,1105.679496
"4825","25/03/2010",-0.002,0.1058,1165.72998,1054.153,1117.013396,1109.829597
"4829","31/03/2010",-0.003,0.1046,1169.430054,1058.684,1119.261794,1114.711797
"4874","04/06/2010",-0.034,-0.0374,1064.880005,1106.259,1158.655198,1137.626897
"4878","10/06/2010",0.03,-0.0185,1086.839966,1107.326,1149.850798,1134.183896
"4882","16/06/2010",-0.001,0.0053,1114.609985,1108.679,1143.351997,1132.609095
"4886","22/06/2010",-0.016,-0.0139,1095.310059,1110.774,1137.5252,1133.440594
"4890","28/06/2010",-0.002,-0.0337,1074.569946,1112.071,1127.959199,1133.309496
"4939","07/09/2010",-0.011,-0.0213,1091.839966,1115.615,1081.885199,1106.271299
"4943","13/09/2010",0.011,0.0056,1121.900024,1115.626,1085.508402,1102.230799
"4947","17/09/2010",0.001,0.0085,1125.589966,1116.072,1092.5974,1098.718698
"4951","23/09/2010",-0.008,0.0073,1124.829956,1116.664,1096.998601,1096.456899
"4955","29/09/2010",-0.003,0.0244,1144.72998,1117.514,1101.7102,1095.391699
"5000","02/12/2010",0.013,0.0769,1221.530029,1134.265,1179.391194,1137.805497
"5004","08/12/2010",0.004,0.0806,1228.280029,1136.638,1186.254592,1143.217897
"5008","14/12/2010",0.001,0.0899,1241.589966,1139.206,1193.499995,1149.459397
"5012","20/12/2010",0.003,0.0925,1247.079956,1141.53,1200.455793,1154.718997
"5016","27/12/2010",0.001,0.0995,1257.540039,1143.743,1207.234792,1160.397396
"5020","31/12/2010",0,0.0976,1257.640015,1145.781,1213.896794,1165.709696
"5061","02/03/2011",0.002,0.1179,1308.439941,1170.437,1292.249797,1245.494296
"5065","08/03/2011",0.009,0.1254,1321.819946,1174.568,1297.574998,1251.618195
"5069","14/03/2011",-0.006,0.0993,1296.390015,1179.258,1301.747595,1256.902395
"5073","18/03/2011",0.004,0.0813,1279.209961,1182.994,1302.772996,1260.916895
"5077","24/03/2011",0.009,0.1029,1309.660034,1187.438,1304.317795,1265.230995
"5081","30/03/2011",0.007,0.1142,1328.26001,1192.084,1306.630796,1270.170195
"5126","03/06/2011",-0.01,0.0426,1300.160034,1247.011,1331.336599,1317.549297
"5130","09/06/2011",0.007,0.0302,1289,1251.221,1329.729399,1317.918098
"5134","15/06/2011",-0.017,0.0077,1265.420044,1255.724,1326.004199,1317.610497
"5138","21/06/2011",0.013,0.0284,1295.52002,1259.796,1320.971599,1316.819697
"5142","27/06/2011",0.009,0.0132,1280.099976,1263.472,1318.039797,1316.469897
"5191","06/09/2011",-0.007,-0.0925,1165.23999,1284.002,1252.347603,1285.653301
"5195","12/09/2011",0.007,-0.0946,1162.27002,1283.647,1243.374802,1280.155699
"5199","16/09/2011",0.006,-0.0526,1216.01001,1283.532,1231.285203,1274.3289
"5203","22/09/2011",-0.032,-0.1197,1129.560059,1283.099,1220.461201,1267.9485
"5207","28/09/2011",-0.021,-0.1018,1151.060059,1281.494,1207.584204,1259.989102
"5252","01/12/2011",-0.002,-0.0168,1244.579956,1265.887,1206.404207,1214.901504
"5256","07/12/2011",0.002,-0.0025,1261.01001,1264.233,1214.578403,1212.381903
"5260","13/12/2011",-0.009,-0.0294,1225.72998,1262.865,1221.953599,1209.234003
"5264","19/12/2011",-0.012,-0.0441,1205.349976,1260.895,1228.769199,1204.770802
"5268","23/12/2011",0.009,0.0047,1265.329956,1259.382,1232.593799,1202.875101
"5272","30/12/2011",-0.004,-0.001,1257.599976,1258.902,1236.3726,1205.516803
"5313","01/03/2012",0.006,0.0921,1374.089966,1258.235,1310.527207,1269.101303
"5317","07/03/2012",0.007,0.0746,1352.630005,1258.778,1321.354805,1276.506802
"5321","13/03/2012",0.018,0.1082,1395.949951,1259.644,1329.876804,1282.748302
"5325","19/03/2012",0.004,0.1179,1409.75,1261.046,1340.317202,1289.829302
"5329","23/03/2012",0.003,0.106,1397.109985,1263.18,1349.903003,1295.840403
"5333","29/03/2012",-0.002,0.1086,1403.280029,1265.781,1359.121804,1302.211503
"5378","04/06/2012",0,-0.0049,1278.180054,1284.533,1367.016592,1357.452797
"5382","08/06/2012",0.008,0.0296,1325.660034,1287.592,1358.514192,1357.699298
"5386","14/06/2012",0.011,0.0298,1329.099976,1290.58,1351.260593,1358.119899
"5390","20/06/2012",-0.002,0.0483,1355.689941,1293.222,1346.902195,1359.115497
"5394","26/06/2012",0.005,0.0183,1319.98999,1296.253,1343.798396,1359.756497
"5443","05/09/2012",-0.001,0.0482,1403.439941,1338.858,1377.926201,1361.427699
"5447","11/09/2012",0.003,0.0672,1433.560059,1343.307,1386.0854,1363.295798
"5451","17/09/2012",-0.003,0.0834,1461.189941,1348.745,1392.617603,1366.311
"5455","21/09/2012",0,0.0792,1460.150024,1352.99,1401.652803,1368.8098
"5459","27/09/2012",0.01,0.0665,1447.150024,1356.905,1409.3148,1371.0413
"5504","04/12/2012",-0.002,0.0159,1407.050049,1385.074,1420.568,1409.922301
"5508","10/12/2012",0,0.0234,1418.550049,1386.12,1417.156999,1412.539401
"5512","14/12/2012",-0.004,0.019,1413.579956,1387.247,1415.730798,1414.726399
"5516","20/12/2012",0.005,0.0397,1443.689941,1388.511,1413.880198,1418.124398
"5520","27/12/2012",-0.001,0.0203,1418.099976,1389.948,1413.031597,1420.068599
"5565","05/03/2013",0.01,0.0896,1539.790039,1413.223,1485.3696,1449.876099
"5569","11/03/2013",0.003,0.0976,1556.219971,1417.829,1494.1772,1453.734498
"5573","15/03/2013",-0.002,0.0971,1560.699951,1422.6,1505.3752,1458.434198
"5577","21/03/2013",-0.008,0.083,1545.800049,1427.33,1512.769197,1462.780098
"5581","27/03/2013",-0.001,0.0909,1562.849976,1432.636,1519.885396,1468.493899
"5630","06/06/2013",0.008,0.0867,1622.560059,1493.145,1604.169995,1561.110496
"5634","12/06/2013",-0.008,0.0768,1612.52002,1497.495,1609.707998,1567.582296
"5638","18/06/2013",0.008,0.0998,1651.810059,1501.882,1615.256999,1573.185896
"5642","24/06/2013",-0.012,0.0445,1573.089966,1506.06,1618.228604,1577.741498
"5646","28/06/2013",-0.004,0.0641,1606.280029,1509.556,1620.424404,1581.427798
"5691","03/09/2013",0.004,0.0497,1639.77002,1562.179,1660.584197,1639.4158
"5695","09/09/2013",0.01,0.0662,1671.709961,1567.916,1665.509995,1642.3553
"5699","13/09/2013",0.003,0.0727,1687.98999,1573.586,1671.104597,1647.5241
"5703","19/09/2013",-0.002,0.0905,1722.339966,1579.46,1676.620398,1652.433099
"5707","25/09/2013",-0.003,0.0677,1692.77002,1585.419,1679.443999,1657.033501
"5756","04/12/2013",-0.001,0.0846,1792.810059,1652.967,1745.79281,1712.469204
"5760","10/12/2013",-0.003,0.0867,1802.619995,1658.834,1754.006609,1717.091804
"5764","16/12/2013",0.006,0.0735,1786.540039,1664.283,1761.738206,1720.788904
"5768","20/12/2013",0.005,0.0892,1818.319946,1669.469,1771.924607,1725.134905
"5772","27/12/2013",0,0.0993,1841.400024,1675.005,1782.278403,1730.257303
"5817","05/03/2014",0,0.0837,1873.810059,1729.156,1823.497395,1796.179001
"5821","11/03/2014",-0.005,0.0774,1867.630005,1733.395,1827.833801,1803.616503
"5825","17/03/2014",0.01,0.0698,1858.829956,1737.469,1828.8428,1808.877001
"5829","21/03/2014",-0.003,0.0715,1866.52002,1742.004,1831.56,1813.5378
"5833","27/03/2014",-0.002,0.0586,1849.040039,1746.626,1833.659002,1817.3878
"5878","02/06/2014",0.001,0.0719,1924.969971,1795.788,1874.555801,1852.7166
"5882","06/06/2014",0.005,0.0823,1949.439941,1801.132,1879.675,1856.3334
"5886","12/06/2014",-0.007,0.0681,1930.109985,1807.031,1886.951599,1860.7638
"5890","18/06/2014",0.008,0.0794,1956.97998,1812.96,1891.266799,1864.666001
"5894","24/06/2014",-0.006,0.0719,1949.97998,1819.265,1900.060398,1871.6999
"5898","30/06/2014",0,0.0742,1960.22998,1824.903,1909.582397,1879.238101
"5943","03/09/2014",-0.001,0.0643,2000.719971,1879.925,1967.063594,1932.266695
"5947","09/09/2014",-0.007,0.0554,1988.439941,1884.122,1970.629194,1939.119297
"5951","15/09/2014",-0.001,0.0509,1984.130005,1888.035,1972.588994,1944.004495
"5955","19/09/2014",0,0.0626,2010.400024,1891.932,1974.517195,1949.096593
"5959","25/09/2014",-0.016,0.0369,1965.98999,1895.971,1976.579797,1953.683194
"6008","04/12/2014",-0.001,0.0684,2071.919922,1939.209,1989.914605,1982.997001
"6012","10/12/2014",-0.016,0.0424,2026.140015,1943.702,1996.764207,1986.759303
"6016","16/12/2014",-0.008,0.0132,1972.73999,1946.946,2001.182402,1987.972102
"6020","22/12/2014",0.004,0.0659,2078.540039,1950.02,2007.592202,1990.174502
"6024","29/12/2014",0.001,0.0697,2090.570068,1954.38,2023.798201,1996.3379
"6069","05/03/2015",0.001,0.0518,2101.040039,1997.491,2061.616401,2033.179902
"6073","11/03/2015",-0.002,0.0195,2040.23999,2001.278,2061.269407,2040.271003
"6077","17/03/2015",-0.003,0.0349,2074.280029,2004.271,2059.713201,2047.518601
"6081","23/03/2015",-0.002,0.0482,2104.419922,2007.624,2064.990405,2053.392203
"6085","27/03/2015",0.002,0.0253,2061.02002,2010.229,2068.088003,2057.287101
"6130","02/06/2015",-0.001,0.0328,2109.600098,2042.563,2099.581797,2081.4641
"6134","08/06/2015",-0.006,0.0166,2079.280029,2045.307,2100.527202,2083.976404
"6138","12/06/2015",-0.007,0.0228,2094.110107,2047.348,2102.571006,2087.247402
"6142","18/06/2015",0.01,0.0351,2121.23999,2049.223,2104.404404,2089.303702
"6146","24/06/2015",-0.007,0.0278,2108.580078,2051.573,2106.618608,2092.986001
"6150","30/06/2015",0.003,0.0047,2063.110107,2053.508,2106.246211,2095.612401
"6195","02/09/2015",0.018,-0.0605,1948.859985,2074.456,2067.590603,2086.786905
"6199","09/09/2015",-0.014,-0.0629,1942.040039,2072.5,2054.671401,2080.694207
"6203","15/09/2015",0.013,-0.0445,1978.089966,2070.279,2045.340605,2074.91001
"6207","21/09/2015",0.005,-0.0491,1966.969971,2068.585,2038.811401,2069.583312
"6211","25/09/2015",0,-0.0652,1931.339966,2066.079,2026.574199,2063.23901
"6260","04/12/2015",0.021,0.013,2091.689941,2064.852,2038.788796,2034.433097
"6264","10/12/2015",0.002,-0.0057,2052.22998,2064.005,2051.799399,2032.366699
"6268","16/12/2015",0.015,0.0051,2073.070068,2062.453,2058.753198,2029.514602
"6272","22/12/2015",0.009,-0.0109,2038.969971,2061.41,2061.505,2027.150305
"6276","29/12/2015",0.011,0.0082,2078.360107,2061.495,2065.135002,2025.407402
"6321","04/03/2016",0.003,-0.0117,1999.98999,2023.697,1938.549797,1999.964799
"6325","10/03/2016",0,-0.0155,1989.569946,2020.995,1934.247197,1999.3647
"6329","16/03/2016",0.006,0.0041,2027.219971,2018.953,1930.350593,1998.623999
"6333","22/03/2016",-0.001,0.0159,2049.800049,2017.641,1934.475996,1998.136102
"6337","29/03/2016",0.009,0.019,2055.01001,2016.652,1944.172793,1996.481002
"6382","01/06/2016",0.001,0.0439,2099.330078,2010.975,2067.052,1999.678896
"6386","07/06/2016",0.001,0.0502,2112.129883,2011.189,2071.833596,2006.535494
"6390","13/06/2016",-0.008,0.032,2079.060059,2014.565,2076.374597,2015.225696
"6394","17/06/2016",-0.003,0.0271,2071.219971,2016.639,2077.437202,2023.141398
"6398","23/06/2016",0.013,0.0464,2113.320068,2019.607,2080.149199,2030.227797
"6402","29/06/2016",0.017,0.0244,2070.77002,2021.42,2077.091001,2035.397498
"6447","01/09/2016",0,0.0567,2170.860107,2054.379,2150.051392,2114.862996
"6451","08/09/2016",-0.002,0.0606,2181.300049,2056.654,2159.786589,2119.021296
"6455","14/09/2016",-0.001,0.033,2125.77002,2057.861,2165.516592,2121.082798
"6459","20/09/2016",0,0.0393,2139.76001,2058.854,2168.221196,2122.933699
"6463","26/09/2016",-0.009,0.0415,2146.100098,2060.668,2169.006602,2126.522097
"6467","30/09/2016",0.008,0.051,2168.27002,2063.14,2168.268604,2130.631599
"6512","05/12/2016",0.006,0.0445,2204.709961,2110.714,2156.253184,2162.620493
"6516","09/12/2016",0.006,0.0676,2259.530029,2116.495,2161.500981,2165.103694
"6520","15/12/2016",0.004,0.0658,2262.030029,2122.477,2169.708984,2168.701594
"6524","21/12/2016",-0.002,0.0645,2265.179932,2127.872,2178.018789,2172.441294
"6528","28/12/2016",-0.008,0.0548,2249.919922,2133.063,2188.366187,2176.470291
"6573","06/03/2017",-0.003,0.086,2375.310059,2187.185,2299.983994,2237.930391
"6577","10/03/2017",0.003,0.0816,2372.600098,2193.602,2308.201196,2246.924692
"6581","16/03/2017",-0.002,0.0828,2381.379883,2199.307,2317.998999,2256.458792
"6585","22/03/2017",0.002,0.0652,2348.449951,2204.69,2326.050195,2265.46009
"6589","28/03/2017",0.007,0.0676,2358.570068,2209.309,2331.978599,2274.009592
"6634","01/06/2017",0.008,0.0728,2430.060059,2265.131,2373.97938,2349.344387
"6638","07/06/2017",0.002,0.0718,2433.139893,2270.116,2381.022388,2355.788992
"6642","13/06/2017",0.005,0.0726,2440.350098,2275.112,2386.997183,2362.221294
"6646","19/06/2017",0.008,0.0759,2453.459961,2280.342,2393.181382,2368.857393
"6650","23/06/2017",0.002,0.0668,2438.300049,2285.603,2399.913984,2374.756995
"6654","29/06/2017",-0.009,0.0562,2419.699951,2291.019,2407.361187,2380.764492
"6699","01/09/2017",0.002,0.049,2476.550049,2360.924,2451.804609,2425.052097
"6703","08/09/2017",-0.001,0.0401,2461.429932,2366.618,2454.480415,2429.935801
"6707","14/09/2017",-0.001,0.052,2495.620117,2372.244,2459.112022,2435.530803
"6711","20/09/2017",0.001,0.0546,2508.23999,2378.294,2465.341426,2440.204705
"6715","26/09/2017",0,0.0473,2496.840088,2384.081,2469.978223,2444.763606
"6764","05/12/2017",-0.004,0.0708,2629.570068,2455.676,2570.62561,2519.928018
"6768","11/12/2017",0.003,0.0808,2659.98999,2461.116,2581.36001,2526.872717
"6772","15/12/2017",0.009,0.0847,2675.810059,2466.754,2591.723208,2534.332021
"6776","21/12/2017",0.002,0.0856,2684.570068,2472.938,2602.321606,2542.642419
"6780","28/12/2017",0.002,0.084,2687.540039,2479.212,2612.602617,2550.923621
"6825","06/03/2018",0.003,0.0643,2728.120117,2563.299,2736.902402,2668.325903
"6829","12/03/2018",-0.001,0.0827,2783.02002,2570.501,2741.958403,2676.030708
"6833","16/03/2018",0.002,0.0677,2752.01001,2577.486,2748.0696,2684.078508
"6837","22/03/2018",-0.025,0.0233,2643.689941,2583.37,2747.387397,2690.351809
"6841","28/03/2018",-0.003,0.0069,2605,2587.246,2736.383398,2692.48741
