"","Date","Closing.Price.0","MA.Price","Price.1","Price.2","Price.3","Price.4","Price.5","Price.6","Price.7","Price.8","Price.9","Price.10","Price.11","Price.12","Price.13","Price.14","Price.15","Price.16","Price.17","Price.18","Price.19","Price.20","Price.21","Price.22","Price.23","Price.24","Price.25","Price.26","Price.27","Price.28","Price.29","Price.30","Price.31","Price.32","Price.33","Price.34","Price.35","Price.36","Price.37","Price.38","Price.39","Price.40","Price.41","Price.42","Price.43","Price.44","Price.45","Price.46","Price.47","Price.48","Price.49","Price.50","Return.1","Return.2","Return.3","Return.4","Return.5","Return.6","Return.7","Return.8","Return.9","Return.10","Return.11","Return.12","Return.13","Return.14","Return.15","Return.16","Return.17","Return.18","Return.19","Return.20","Return.21","Return.22","Return.23","Return.24","Return.25","Return.26","Return.27","Return.28","Return.29","Return.30","Return.31","Return.32","Return.33","Return.34","Return.35","Return.36","Return.37","Return.38","Return.39","Return.40","Return.41","Return.42","Return.43","Return.44","Return.45","Return.46","Return.47","Return.48","Return.49","Return.50"
"1","03/07/1991",373.329987,375.6134997,374.079987,377.940002,376.109985,375.73999,376.970001,380.25,382.390015,381.540009,381.179993,385.369995,384.220001,382.880005,379.420013,378.640015,380.959991,380.929993,383.149994,386.690002,387.809998,387.119995,387.179993,385.059998,390.619995,390.559998,389.320007,387.119995,388.019989,389.619995,389.899994,389.329987,385.579987,376.470001,379.429993,390.589996,391.329987,394.170013,393.850006,393.059998,396.640015,396.470001,395.429993,392.149994,389.970001,389.140015,389.100006,388.570007,384.559998,385.089996,387.339996,383.589996,0.00200894657840589,0.0123483651475336,0.00744648996010056,0.00645542304106406,0.0097501248941998,0.0185359152518332,0.0242681496678165,0.0219913274740504,0.0210269902588887,0.0322503105007743,0.029169941818791,0.0255806346464207,0.0163127158601379,0.0142234167757866,0.0204376939053652,0.02035734139942,0.0263038259500969,0.0357860752289367,0.0387860914049747,0.0369378525170549,0.0370985628861364,0.0314199539508193,0.046312936549616,0.0461522288591298,0.0428307946235242,0.0369378525170549,0.0393485723395695,0.0436343411117415,0.0443843451557508,0.0428575270059943,0.0328127941139644,0.00841082717526254,0.016339448242608,0.0462325813650752,0.0482147178817436,0.0558219985687889,0.054964829278501,0.0528487174538166,0.0624381346575302,0.0619827359327554,0.0591969752486023,0.0504111848909687,0.0445718655865701,0.0423486688734704,0.0422415009485964,0.0408218480451181,0.0300806562318821,0.0315003064567647,0.0375271461919826,0.0274824132999527
"2",NA,381.25,383.0617993,379.5,380.670013,376.799988,380.549988,381.450012,386.470001,391.01001,392.799988,391.920013,392.5,390.019989,387.829987,387.940002,385.070007,384.200012,389.519989,391.480011,392.959991,392.450012,391.320007,390.279999,388.709991,389.970001,393.720001,392.890015,393.119995,396.73999,397.410004,397.149994,382.619995,385.23999,379.420013,378.529999,380.059998,376.140015,375.339996,377.959991,376.549988,375.220001,381.399994,380.959991,380.070007,377.390015,379.100006,378.26001,377.899994,377.700012,381.549988,384.470001,384.459991,-0.00459016393442624,-0.00152127737704921,-0.0116721626229509,-0.00183609704918042,0.000524621639344192,0.0136918059016393,0.0256000262295082,0.0302950504918031,0.0279869193442623,0.0295081967213116,0.0230032498360655,0.0172589822950819,0.0175475462295083,0.0100196904918033,0.00773773639344277,0.0216917744262295,0.0268328157377049,0.0307147304918032,0.0293770806557379,0.0264131331147541,0.0236852432786885,0.0195671895081968,0.0228721337704918,0.0327081993442624,0.0305311868852458,0.0311344131147542,0.0406294819672131,0.0423868957377049,0.0417049022950819,0.00359342950819674,0.0104655475409836,-0.00479996590163934,-0.00713442885245907,-0.00312131672131144,-0.0134032393442622,-0.0155016498360656,-0.00862953180327863,-0.0123279003278689,-0.0158163908196721,0.000393426885245907,-0.000760679344262272,-0.00309506360655742,-0.0101245508196721,-0.00563932852459015,-0.00784259672131138,-0.00878690098360657,-0.00931144393442618,0.000786853770491813,0.00844590426229508,0.00841964852459021
"3",NA,400.5,402.8156994,401.549988,405.589996,398.059998,394.5,400.640015,404.290009,406.079987,412.390015,416.279999,416.040009,410.179993,410.26001,409.809998,411.600006,409.019989,408.450012,409.109985,412.019989,414.950012,412.529999,416.910004,416.839996,416.790009,415.850006,416.049988,418.48999,416.290009,416.450012,413.140015,410.089996,412.809998,416.369995,415.390015,412.600006,414.019989,411.410004,412.170013,416.73999,415.350006,417.299988,413.5,414.589996,413.26001,413.480011,413.359985,410.059998,407.25,409.049988,409.76001,410.290009,0.00262169288389513,0.0127091036204743,-0.00609238951310864,-0.0149812734082397,0.000349600499375713,0.00946319350811486,0.0139325518102373,0.029687927590512,0.0394007465667914,0.0388015205992509,0.0241697702871411,0.0243695630461924,0.0232459375780274,0.027715370786517,0.0212733807740324,0.0198502172284645,0.0214980898876405,0.0287640174781523,0.0360799300873909,0.0300374506866417,0.0409737927590512,0.0407989912609239,0.040674179775281,0.0383271061173533,0.0388264369538076,0.0449188264669163,0.0394257403245943,0.0398252484394508,0.0315605867665418,0.0239450586766541,0.0307365742821473,0.0396254556803994,0.0371785642946316,0.03021224968789,0.0337577752808988,0.0272409588014981,0.0291386092384518,0.0405492883895131,0.0370786666666667,0.0419475355805243,0.0324594257178528,0.0351810137328339,0.0318601997503121,0.0324095156054931,0.0321098252184768,0.0238701573033708,0.0168539325842696,0.0213482846441948,0.0231211235955058,0.0244444669163546
"4",NA,409.160004,409.832901,410.279999,414.230011,414.619995,414.869995,417.679993,417.100006,417.540009,415.619995,413.75,413.76001,410.929993,412.079987,411.600006,411.540009,417.519989,422.230011,423.920013,424.209991,425.089996,424.359985,422.190002,420.589996,418.880005,419.420013,418.899994,417.779999,417.730011,419.910004,420.73999,421.339996,418.190002,418.26001,414.850006,410.720001,411.609985,413.51001,413.529999,414.839996,414.029999,416.070007,417.980011,417.980011,417.079987,414.440002,416.359985,419.950012,419.579987,425.269989,419.769989,419.920013,0.00273730322868992,0.0123912575775613,0.0133443908168502,0.0139553987295395,0.0208231227801043,0.0194056161950766,0.0204809974535047,0.0157884224676075,0.0112180955008496,0.0112425602576738,0.00432590913749231,0.00713653087167332,0.00596344211591116,0.00581680754896063,0.0204320679398566,0.0319435107836199,0.0360739291614631,0.0367826445714865,0.0389334046443111,0.0371492346549103,0.0318457275213049,0.027935262215903,0.0237559900893929,0.0250757867330551,0.02380484383806,0.0210675406093699,0.0209453683552119,0.0262733402456414,0.0283018522993268,0.0297682859539712,0.0220696009182755,0.0222407026860818,0.0139065449808726,0.0038126820430866,0.00598783110775414,0.0106315523449843,0.0106804060936512,0.0138820802240485,0.0119024219190298,0.0168882660388281,0.0215563762679012,0.0215563762679012,0.0193566891254602,0.0129044822279354,0.0175969814488515,0.0263711210639248,0.0254667682523535,0.0393733132332259,0.0259311391540606,0.0262978025584337
"5",NA,414.350006,414.7894009,416.619995,416.799988,417.799988,416.290009,410.470001,407.570007,407.179993,404.25,407.75,402.660004,407.440002,409.299988,409.369995,409.600006,411.730011,414.980011,415.480011,415.670013,414.899994,414.100006,418.160004,418.48999,420.130005,420.859985,418.679993,422.75,419.920013,417.109985,418.339996,417.579987,418.589996,418.619995,422.200012,422.869995,422.429993,420.679993,419.269989,422.850006,423.609985,426.649994,425.119995,427.589996,429.190002,430.160004,431.350006,430.779999,429.890015,429.910004,432.059998,435.309998,0.00547843361199329,0.00591283206111504,0.0083262506336248,0.00468203927092503,-0.00936407612843138,-0.0163629755081988,-0.0173042425393376,-0.0243755420628617,-0.015928577059077,-0.0282128679394782,-0.016676731989718,-0.0121878072327095,-0.0120188510387037,-0.0114637382194221,-0.00632314459288319,0.00152046576777409,0.00272717505402897,0.00318572940964312,0.00132735125385763,-0.000603354643127441,0.00919511993442579,0.00999151427549383,0.0139495569356887,0.0157113042252495,0.0104500710445266,0.020272701528572,0.0134427583428103,0.00666098457833741,0.00962951597012873,0.00779529613425423,0.0102328706132564,0.010305270757013,0.0189453502747143,0.0205622996901804,0.0195003906914388,0.0152769081895465,0.011873978348633,0.0205140578663343,0.022348205299652,0.0296850194808491,0.0259924914783276,0.0319536377658456,0.035815121962373,0.0381561428045449,0.0410281157326688,0.039652450252408,0.0375045463375714,0.0375527881614173,0.0427416236118023,0.0505852339724595
"6",NA,439.459991,441.3558994,437.029999,433.540009,438.01001,438.019989,438.890015,440.190002,442.459991,444.049988,444.519989,443.26001,442.309998,442.799988,444.359985,444.799988,439.230011,439.559998,440.369995,440.320007,447.570007,450.589996,445.839996,448,448.850006,453.440002,452.410004,450.190002,453.829987,453.850006,452.48999,450.059998,447.690002,444.709991,445.779999,445.380005,447.26001,447.709991,446.269989,447.429993,448.540009,443.679993,446.220001,445.929993,443.190002,446.619995,447.600006,451.850006,450.690002,450.529999,449.019989,445.839996,-0.00552949540291603,-0.0134710374578786,-0.00329946076934218,-0.00327675335523314,-0.00129699178917975,0.00166115463284577,0.00682656000873583,0.0104446299868057,0.0115141266636944,0.00864701924594535,0.00648524793693905,0.0076002299831659,0.0111500343611484,0.0121512699889896,-0.000523324090269672,0.000227567928931194,0.00207073230472998,0.00195698361082419,0.0184545036319359,0.0253265490100099,0.014517828996178,0.0194329613045479,0.0213671669601432,0.0318117946714289,0.0294680136194696,0.0244163546619651,0.0326992133397646,0.0327447669747027,0.0296500233624224,0.0241205279595065,0.0187275546546852,0.0119464800152878,0.0143813046225634,0.0134711102745186,0.0177490992575933,0.0187730400240236,0.0154962866687902,0.0181358989742482,0.0206617625858003,0.00960269896332844,0.0153825379748849,0.0147226189698804,0.0084877146415816,0.0162927323229296,0.0185227669565031,0.028193726968879,0.0255541146634211,0.0251900246363952,0.0217539666767981,0.014517828996178
"7",NA,441.429993,445.8372989,442.829987,448.640015,448.109985,448.980011,448.089996,450.079987,449.220001,445.75,446.029999,447.309998,447.179993,444.51001,447.100006,449.089996,448.23999,447.190002,450.23999,448.130005,450.149994,449.269989,448.540009,448.130005,448.679993,450.720001,449.450012,450.459991,448.959991,450.140015,452.380005,453.130005,456.040009,456.429993,456.160004,455.230011,459.769989,460.130005,461.040009,460.540009,461.899994,463.559998,463.149994,461.299988,461.339996,458.519989,456.649994,457.5,461.720001,462.059998,459.899994,461.600006,0.00317149722991306,0.0163333305718536,0.0151326192282544,0.0171035455671902,0.0150873368498092,0.0195953925586565,0.0176472104830447,0.00978639210861232,0.0104206920076677,0.0133203567796536,0.0130258480193484,0.00697736231982771,0.0128446482792572,0.0173527017227395,0.0154271279885596,0.0130485220563614,0.0199578577344199,0.0151779718330103,0.0197539839573158,0.0177604515423129,0.0161067804923711,0.0151779718330103,0.0164238953287434,0.02104525779244,0.0181682693228322,0.0204562402718294,0.0170581929624343,0.0197313778812487,0.0248057725429636,0.026504796197661,0.0330970170393474,0.0339804730939521,0.0333688494972746,0.0312620760230036,0.0415467827080793,0.042362350308172,0.0444238414039981,0.0432911589675329,0.0463720212142449,0.0501325359647684,0.0492037273054076,0.0450127886982976,0.0451034214161337,0.0387150766169166,0.0344788556313615,0.0364044293655414,0.0459642713946717,0.0467344886553733,0.0418412914683846,0.0456924389367444
"8",NA,464.26001,467.4751993,466.070007,467.140015,464.440002,464.809998,463.01001,464.73999,466.910004,465.880005,467.059998,463.899994,466.440002,467.390015,467.01001,469.420013,470.899994,471.059998,468.540009,468.799988,468.540009,464.350006,460.579987,460,452.480011,445.549988,445.769989,438.920013,448.290009,448.049988,450.880005,447.100006,449.869995,447.570007,446.26001,446.380005,446.179993,442.459991,442.540009,441.959991,448.730011,447.630005,452.709991,451.869995,449.100006,450.910004,453.019989,453.029999,451.720001,451.380005,447.820007,442.320007,0.00389867091934093,0.00620343113334276,0.000387696540996352,0.00118465512461419,-0.00269245675499818,0.00103386031461117,0.00570799539680356,0.00348941318465057,0.00603107728361096,-0.000775462008886008,0.00469562734899354,0.00674192248434236,0.00592340486099596,0.0111144679465285,0.0143022958191035,0.0146469388996049,0.00921896977514813,0.00977895554691433,0.00921896977514813,0.000193848270498176,-0.00792664222791883,-0.00917591416068775,-0.025373710305137,-0.040300740096051,-0.0398268655532059,-0.054581476875426,-0.0343988296558215,-0.0349158265860547,-0.0288200678753271,-0.036962054948476,-0.0309955944730196,-0.0359496890546314,-0.0387713772719731,-0.0385129121933204,-0.0389437311217048,-0.0469564867325102,-0.0467841307288129,-0.0480334694345094,-0.0334510805701315,-0.0358204554383222,-0.0248783413415254,-0.0266876636650225,-0.032654124140479,-0.0287554510671725,-0.0242106163742167,-0.0241890551805227,-0.0270107455518299,-0.0277430851733278,-0.0354111977036318,-0.0472580074256235
"9",NA,458.450012,459.5743005,455.480011,451.339996,453.089996,449.630005,442.799988,447.309998,446.070007,447.630005,444.269989,446.200012,446.369995,446.130005,448.380005,449.549988,448.059998,447.950012,448.730011,453.410004,454.160004,455.220001,453.859985,451.600006,452.609985,453.109985,454.25,453.359985,452.570007,454.23999,458.26001,461.01001,460.559998,461.450012,458.399994,457.089996,457.890015,457.920013,460.299988,458.880005,461.940002,461.230011,465.01001,465.170013,463.170013,463.679993,462.320007,464.51001,469.029999,468.079987,473.799988,474.589996,-0.00647835297689991,-0.0155088140776405,-0.0116916040128712,-0.0192387539952775,-0.0341368166438177,-0.0242992991785548,-0.0270040455359396,-0.0236012797835853,-0.0309303580081486,-0.026720470453385,-0.026349692842848,-0.0268731741248162,-0.0219653326129698,-0.019413292108279,-0.0226633520079393,-0.0229032603886157,-0.0212018775124386,-0.0109935824366387,-0.00935763526602329,-0.0070455031420088,-0.0100120555782645,-0.0149416639125315,-0.0127386341959568,-0.0116480027488799,-0.00916133033060107,-0.0111026870253415,-0.0128258367239393,-0.00918316477217163,-0.000414444312414997,0.00558402864650809,0.00460243416898409,0.00654378868246153,-0.000109102407439887,-0.00296655243625565,-0.00122150067693749,-0.00115606715263872,0.00403528400387509,0.00093792777564583,0.00761258568796808,0.00606390866448492,0.0143090802231236,0.014658088829977,0.0102955630416692,0.0114079634924298,0.00844147649406102,0.0132184487760467,0.0230777330637304,0.0210055071391295,0.0334823330749525,0.0352055482114373
"10",NA,454.589996,458.6171997,453.519989,452.359985,455.100006,459.040009,465.790009,465.470001,467.790009,469.100006,468.959991,467.660004,470.279999,466.850006,464.890015,460.829987,461.529999,462.619995,465.850006,473.769989,472.350006,468.420013,466.51001,467.910004,462.279999,463.070007,465.649994,465.399994,464.369995,462.350006,466.040009,465.029999,465.619995,463.570007,461.470001,458.299988,450.089996,449.929993,452.290009,454.160004,455.170013,453.690002,448.920013,453.299988,453.320007,453.109985,451.230011,445.450012,446.959991,449.470001,450.149994,454.970001,-0.00235378474980774,-0.0049055434999058,0.00112191206249079,0.0097890693573468,0.0246376143306066,0.0239336657113767,0.0290371832115726,0.0319188942292519,0.0316108914108175,0.0287512002353876,0.0345146244705306,0.0269693792381653,0.0226578215328788,0.0137266351105536,0.0152665106163048,0.0176642668572935,0.0247695947976823,0.0421918501699716,0.0390681936608215,0.0304230562082144,0.0262214613275389,0.0293011463455084,0.016916348946667,0.0186541962529241,0.0243296115121725,0.0237796654020517,0.0215138896281388,0.017070349255992,0.0251875604407275,0.0229657561579952,0.0242636201787425,0.0197540884731655,0.0151345279494448,0.00816118267591626,-0.00989902998217318,-0.0102510020920037,-0.00505947561591302,-0.000945889711132075,0.00127591237181557,-0.00197979279772798,-0.0124727403812027,-0.00283773952649846,-0.00279370204178453,-0.00325570516954354,-0.00739124272325609,-0.0201059945894629,-0.016784366279807,-0.0112628853363503,-0.00976704731531308,0.000835929086305809
"11",NA,460.859985,462.4131997,461.170013,459.269989,459.109985,460.709991,460.339996,460.679993,460.829987,461.679993,461.660004,461.640015,465.970001,469.380005,470.049988,469.709991,466.950012,464.779999,465.820007,465.859985,467.440002,468.320007,470.390015,468.51001,470.420013,470.399994,472.790009,478.649994,481.140015,480.809998,481.190002,480.190002,481.459991,481.649994,482.549988,484.540009,485.220001,481.970001,482.720001,485.070007,486.910004,488.109985,483.809998,487.390015,485.649994,485.130005,485.420013,485.630005,482.119995,483.140015,483.160004,489.570007,0.000672716248081295,-0.00345006303812645,-0.00379724874573351,-0.000325465444781403,-0.00112830147316867,-0.000390556797852493,-6.50913530710895e-05,0.00177929962828083,0.00173592636817888,0.00169255310807692,0.0110880010552445,0.0184872201477853,0.0199409870657354,0.0192032423904194,0.013214484221276,0.00850586756843286,0.010762535610463,0.0108492821306672,0.0142776921715171,0.0161871766757966,0.0206787968367443,0.0165994559063314,0.0207438881898154,0.0207004498340206,0.025886439240326,0.0386017653496213,0.0440047534176784,0.0432886639094952,0.0441132180308517,0.0419433616047182,0.0446990553974869,0.0451113346280216,0.0470641923924031,0.0513822522473935,0.052857737258313,0.0458057038733792,0.0474330961929794,0.0525322718135313,0.0565248011280477,0.0591285876121357,0.0497982331878954,0.0575663560810125,0.0537907603325551,0.0526624588593865,0.0532917345818167,0.0537473870724532,0.0461311693181607,0.0483444662699453,0.0483878395300474,0.0622966257311317
"12",NA,652.539978,655.8053979,654.75,656.059998,645.669983,646.190002,629.799988,628.369995,634.070007,643.559998,638.72998,633.77002,626.869995,626.650024,631.169983,635.900024,630.909973,635.26001,639.950012,650.02002,662.48999,660.22998,662.380005,664.159973,662.590027,662.099976,665.77002,660.200012,662.049988,662.280029,665.210022,666.580017,665.690002,665.070007,670.679993,667.030029,663.880005,666.400024,664.809998,657.400024,651.98999,654.719971,655.609985,649.440002,655.679993,663.76001,663.809998,667.280029,671.150024,680.539978,683.97998,682.940002,0.00338679939085651,0.00539433616127027,-0.0105280829245991,-0.00973116776609195,-0.034848424260069,-0.0370398501469285,-0.028304734763699,-0.0137615782982726,-0.0211634512299568,-0.028764456788577,-0.0393385598820736,-0.03967565953484,-0.0327489436976688,-0.0255002828347782,-0.0331474020431588,-0.0264810871097312,-0.0192937849395642,-0.00386176799117122,0.0152481262994741,0.011784721640457,0.0150795772393273,0.0178073304192252,0.015401430316657,0.014650440313712,0.0202746842278527,0.0117387964848952,0.0145738350455518,0.0149263667030068,0.0194165023250115,0.0215159828874116,0.0201520587907948,0.0192019330959674,0.027799086050786,0.022205614197633,0.0173782869744725,0.0212401484465063,0.0188034762829503,0.0074478900356354,-0.000842841846541931,0.00334078075443212,0.00470470331857586,-0.0047506300066108,0.00481198869933452,0.0171943978580267,0.0172710031261869,0.0225887324868239,0.0285193959411327,0.042909248389376,0.0481809591135884,0.046587220744964
"13",NA,757.119995,767.2990009,759.640015,750.109985,750.320007,757.900024,762.130005,766.119995,760.599976,758.340027,737.650024,743.72998,754.719971,763.530029,761.77002,766.340027,760.369995,774.609985,773.640015,771.179993,765.369995,772.960022,794.049988,801.340027,798.530029,812.969971,830.289978,827.76001,815.619995,820.26001,824.780029,837.659973,833.130005,836.039978,841.880005,829.75,833.27002,841.659973,839.349976,835.659973,847.030029,849.710022,847.210022,844.080017,848.280029,846.359985,845.47998,840.109985,843.429993,858.01001,862.909973,865.27002,0.00332842880473638,-0.00925878334516839,-0.0089813874219502,0.00103025809006674,0.0066171941476727,0.0118871513887306,0.00459634010854515,0.0016114116758994,-0.0257158325345773,-0.0176854594891528,-0.0031699387360653,0.0084663382849901,0.00614172790404255,0.0121777684658824,0.00429258244593056,0.0231006843241539,0.0218195531872063,0.0185703694168056,0.0108965554396698,0.02092142210562,0.048776935286196,0.058405579422057,0.0546941492411648,0.073766346640997,0.096642518336872,0.0933009502674671,0.0772664840267492,0.0833949907768583,0.0893650074582959,0.106376767925671,0.10039361065877,0.104237087279672,0.111950563397814,0.0959293183110295,0.100578541714514,0.111659946320662,0.108608914759938,0.103735178728175,0.118752687280436,0.122292407559518,0.118990421062648,0.114856327364594,0.12040368052887,0.117867696784312,0.116705390933441,0.109612730542138,0.113997779176338,0.13325498687959,0.139726831544054,0.142843968874445
"14",NA,876.98999,927.2687,921.849976,919.159973,903.679993,914.619995,938.98999,940.76001,942.76001,938.030029,927.51001,921.130005,923.780029,905.960022,916.659973,928.349976,946.200012,938.22998,944.590027,958.97998,963.090027,946.669983,950.820007,951.640015,955.400024,974.77002,971.679993,976.77002,973.099976,983.789978,982.369995,975.780029,969.789978,954.940002,953.390015,963.390015,968.039978,965.539978,955.299988,946.780029,953.700012,939.130005,932.700012,936.460022,953.349976,970.840027,970.429993,975.039978,977.070007,966.580017,964,956.049988,0.0511522212471318,0.0480849080158827,0.030433646112654,0.0429081351316223,0.0706963599436294,0.0727146497989104,0.0749951775390274,0.0696017510986642,0.0576061535206347,0.050331264328342,0.0533529909503301,0.0330334808040398,0.0452342483407364,0.0585639364025123,0.0789176875325566,0.0698297479997463,0.0770818798057205,0.0934902233034609,0.0981767614018034,0.0794535784838319,0.0841857009109077,0.0851207264064666,0.0894081288202617,0.11149503542224,0.107971589276635,0.113775563162357,0.109590744587632,0.121780167639086,0.120161012328088,0.112646712193374,0.105816473458266,0.0888835823542296,0.0871161881790692,0.0985188268796544,0.103821011685663,0.100970352010517,0.0892940613837565,0.0795790599616764,0.0874696665579957,0.0708560139893957,0.0635241252867664,0.0678115288408252,0.0870705331539758,0.107013806394757,0.106546259439061,0.111802858776073,0.114117627499944,0.102156270905669,0.0992143707364321,0.0901492592863002
"15",NA,927.690002,945.8096997,939.210022,952.119995,957.940002,950.72998,961.51001,978.599976,970.809998,963.039978,957.590027,956.950012,969.02002,977.460022,985.48999,980.280029,1001.27002,1006,1006.900024,1003.539978,1012.460022,1010.73999,1019.01001,1020.01001,1024.140015,1020.090027,1022.76001,1032.079956,1028.280029,1034.209961,1038.140015,1030.560059,1042.900024,1048.670044,1049.339966,1047.699951,1052.02002,1047.329956,1035.050049,1055.689941,1052.310059,1064.25,1068.469971,1069.920044,1068.609985,1079.27002,1080.449951,1085.52002,1089.73999,1099.160034,1095.550049,1105.650024,0.0124179628703165,0.0263342204263617,0.0326078754053447,0.0248358589079629,0.036456152299893,0.0548782178208707,0.0464810399023787,0.0381053756360306,0.0322306211509649,0.0315407193533599,0.0445515397502365,0.0536494086307937,0.0623052828804767,0.0566892247266022,0.0793153077443645,0.0844139721579105,0.0853841496935741,0.0817622005588887,0.0913775289344985,0.0895234268138636,0.0984380642274076,0.0995160105217991,0.103967934107368,0.0996022645504375,0.102480362831376,0.112526764086005,0.108430646857397,0.114822795082791,0.11905918222885,0.110888396746998,0.12419021629167,0.130409987969235,0.131132127906667,0.12936427981467,0.134021082184736,0.128965445075477,0.115728364829354,0.137977059927396,0.134333728650015,0.147204343806219,0.151753245908109,0.153316346725056,0.151904173480572,0.163395118706906,0.164667020955994,0.170132283046853,0.174681184070797,0.184835485593602,0.180944115640043,0.191831346264741
"16",NA,1112.439941,1116.895898,1072.119995,1081.430054,1089.630005,1089.449951,1083.140015,1068.97998,1084.219971,1074.910034,1062.75,1083.670044,1101.199951,1098.060059,1091.599976,1081.23999,1088.140015,1092.849976,1084.189941,1042.589966,1027.140015,957.280029,994.26001,990.47998,982.26001,973.890015,1023.460022,1006.200012,980.190002,1009.059998,1029.719971,1037.680054,1045.47998,1018.869995,1020.090027,1023.890015,1029.630005,1066.089966,1042.719971,1044.75,1048.689941,1049.02002,1017.01001,986.390015,1002.599976,988.559998,984.590027,970.679993,959.440002,984.390015,997.710022,994.799988,-0.036244604777275,-0.0278755606097032,-0.020504420202223,-0.0206662752322015,-0.0263384340314693,-0.0390672425523779,-0.0253676346559729,-0.0337365691547029,-0.0446675269096618,-0.0258619777478847,-0.0101039072634305,-0.0129264344707668,-0.0187335641520265,-0.0280464138782662,-0.0218438093639072,-0.017609907985136,-0.0253946293717262,-0.0627898841327202,-0.0766782303081656,-0.139477113578395,-0.106234886616679,-0.109632849833104,-0.117021985818828,-0.124545983017703,-0.0799862677710168,-0.0955017211126906,-0.118882767622598,-0.0929308083877942,-0.0743590435324005,-0.0672035264508721,-0.0601919784899201,-0.084112357486812,-0.083015640302329,-0.079599736342081,-0.074439916212969,-0.041665148195178,-0.062673019396739,-0.0608481757128856,-0.0573064645114176,-0.0570097482682889,-0.0857843443792712,-0.113309421348797,-0.0987378832346331,-0.111358769524799,-0.11492747544202,-0.127431551830626,-0.137535459992981,-0.115107271215822,-0.103133584808962,-0.105749486928931
"17",NA,1284.400024,1288.501703,1304.76001,1281.410034,1301.839966,1294.26001,1294.810059,1299.540039,1327.75,1334.52002,1317.329956,1318.640015,1302.819946,1293.640015,1294,1301.160034,1330.410034,1339.900024,1342.839966,1349,1335.880005,1333.060059,1315.780029,1315.310059,1331.349976,1351.449951,1372.709961,1380.959961,1391.219971,1388.119995,1395.859985,1394.420044,1403.280029,1399.099976,1393.560059,1398.170044,1409.619995,1418.780029,1407.650024,1377.099976,1379.290039,1360.969971,1356.939941,1347.76001,1362.839966,1365.400024,1341.030029,1328.719971,1328.050049,1322.180054,1305.329956,1313.709961,0.0158517483802227,-0.00232792739343646,0.0135782790985062,0.00767672517576967,0.00810497882706351,0.0117876165657873,0.0337511485440458,0.0390221076482944,0.0256383769734343,0.0266583543757393,0.0143412656927824,0.00719401341275594,0.00747428824401819,0.0130489019673203,0.0358221808940109,0.043210836937823,0.0454997982777989,0.0502958383625816,0.0400809561180762,0.037885420500428,0.0244316446696049,0.0240657384167098,0.036553994956948,0.0522033056268458,0.0687557889675032,0.0751790214852877,0.0831671948022323,0.0807536352085898,0.0867797873849931,0.0856586872813698,0.0925568380400466,0.0893023589666329,0.0849891256308477,0.0885783384258174,0.0974929684367556,0.104624729437096,0.0959592009475079,0.0721737389192076,0.0738788642377042,0.0596153422370225,0.0564776671165805,0.0493304148365541,0.0610712710481855,0.063064464720066,0.0440906290422181,0.034506342394774,0.0339847587857098,0.0294145354204696,0.0162954933112023,0.0228199442948624
"18",NA,1332.839966,1336.999008,1323.589966,1336.609985,1360.219971,1363.5,1381.790039,1362.01001,1348.27002,1324.02002,1320.410034,1331.069946,1319.109985,1357.23999,1350.449951,1344.150024,1347.660034,1351.660034,1344.130005,1336.290039,1317.969971,1318.47998,1335.420044,1335.530029,1307.579956,1310.51001,1280.410034,1277.359985,1283.310059,1282.199951,1268.369995,1282.709961,1282.810059,1304.599976,1301.349976,1325.400024,1317.640015,1336.02002,1335.209961,1313.040039,1285.550049,1283.420044,1247.410034,1254.130005,1261.319946,1289.430054,1283.609985,1301.650024,1293.630005,1281.910034,1296.709961,1342.439941,-0.00694006800213254,0.00282856088965744,0.0205426050377004,0.0230035373954265,0.0367261443599298,0.0218856312416429,0.0115768242201704,-0.00661740810974454,-0.00932589982074417,-0.00132800639623076,-0.0103012974927553,0.0183067919798559,0.0132123776666524,0.00848568341925016,0.0111191653747273,0.0141202758621359,0.00847066361153814,0.0025885125656564,-0.0111566244855535,-0.0107739761459104,0.00193577478603313,0.00201829407027243,-0.0189520202307619,-0.0167536662837435,-0.0393370046948307,-0.0416253882050832,-0.0371611808345189,-0.0379940700247579,-0.048370376522758,-0.0376114209348372,-0.037536319645445,-0.0211878325383289,-0.0236262348093484,-0.00558202199047797,-0.0114041830885495,0.00238592335248144,0.00177815421240157,-0.0148554421424065,-0.0354805664643463,-0.0370786615502795,-0.0640961662159522,-0.0590543223551566,-0.0536598705204192,-0.0325694855401718,-0.0369361530685072,-0.0234011155094669,-0.0294183562919962,-0.0382115882620525,-0.0271075342289068,0.0072026464128403
"19",NA,1360.160034,1373.736002,1394.459961,1409.280029,1409.119995,1424.969971,1424.369995,1424.23999,1441.719971,1411.709961,1416.829956,1387.119995,1389.939941,1402.050049,1387.670044,1388.26001,1346.089966,1352.170044,1360.689941,1353.430054,1333.359985,1348.050049,1366.420044,1379.189941,1381.76001,1409.170044,1391.280029,1355.619995,1366.699951,1401.689941,1395.069946,1383.619995,1359.150024,1392.140015,1458.469971,1464.469971,1456.630005,1493.869995,1500.640015,1527.349976,1527.459961,1523.859985,1507.72998,1508.52002,1487.920044,1498.579956,1505.969971,1494.72998,1487.369995,1501.339966,1516.349976,1504.459961,0.0252175671557777,0.036113393844948,0.0359957356312088,0.0476487585136618,0.0472076515960915,0.0471120709315005,0.0599634858849263,0.0378998983291696,0.0416641575869152,0.0198211683376075,0.0218944140803949,0.0307978575703394,0.0202255685451203,0.0206593160345718,-0.0103444209859793,-0.00587430140591827,0.000389591655947763,-0.00494793247248149,-0.0197035998191959,-0.00890335305940926,0.00460240695470993,0.0139909323346579,0.015880466606917,0.0360325320365942,0.0228796569683654,-0.00333787119641249,0.00480819670959409,0.0305331034303866,0.025666032766259,0.0172479417227165,-0.000742567032373187,0.0235119252151177,0.072278213256191,0.0766894588817186,0.070925456261421,0.0983045800917866,0.103281950276742,0.122919316713286,0.12300017852164,0.120353448791306,0.108494546458641,0.109075389874306,0.0939301308716443,0.101767379234729,0.107200574458285,0.0989368476033314,0.0935257306641315,0.103796559574548,0.114832033066485,0.106090403623784
"20",NA,1356.560059,1427.656497,1401.439941,1441.609985,1427.469971,1434.540039,1429.859985,1477.439941,1460.98999,1464.920044,1452.430054,1468.25,1446.290039,1415.099976,1409.569946,1432.630005,1424.170044,1412.140015,1383.050049,1407.810059,1420.959961,1452.359985,1466.040039,1447.800049,1437.209961,1406.949951,1400.719971,1373.859985,1399.050049,1381.52002,1378.02002,1422.449951,1420.599976,1448.810059,1477.26001,1467.630005,1457.839966,1471.359985,1461.670044,1456.949951,1446,1469.439941,1470.540039,1478.72998,1464.459961,1486,1475.949951,1479.130005,1452.180054,1441.47998,1455.310059,1450.550049,0.0330835938315062,0.0626952897778041,0.0522718559562132,0.0574836178336871,0.0540336754821116,0.0891076522547094,0.0769814283615142,0.0798785017154924,0.0706713973804236,0.0823332076298438,0.0661452321293798,0.0431532069749667,0.0390766974512553,0.0560756197230778,0.0498392861793671,0.0409712460803036,0.0195273256235535,0.0377793815024889,0.0474729456854812,0.0706197454100337,0.0807041157327779,0.0672583490827958,0.0594517739667582,0.0371453454387751,0.0325528617085726,0.0127527903281723,0.0313218642389648,0.0183994514908536,0.0158193961687325,0.0485713047224547,0.0472075796240143,0.0680028867044802,0.0889750145592338,0.0818761729442898,0.0746593608797972,0.0846257600158344,0.0774827360592372,0.0740032786119351,0.0659314273677876,0.0832103829470039,0.0840213297183623,0.0900586156797649,0.0795393475461303,0.0954177739063156,0.0880092932177359,0.0903534975741167,0.0704871077145579,0.0625994554657607,0.072794418016991,0.0692855354073196
"21",NA,1452.420044,1452.526296,1449.619995,1419.890015,1430.829956,1438.099976,1438.699951,1452.560059,1462.930054,1479.319946,1482.800049,1472.869995,1460.25,1471.839966,1491.560059,1484.430054,1479.849976,1496.069946,1491.719971,1499.47998,1498.130005,1505.969971,1508.310059,1506.449951,1514.089966,1509.839966,1502.589966,1517.680054,1520.77002,1507.079956,1492.25,1502.51001,1494.5,1489.26001,1481.98999,1484.910034,1480.869995,1465.810059,1444.51001,1459.900024,1451.339966,1449.050049,1448.719971,1439.030029,1427.209961,1426.569946,1458.290039,1436.51001,1436.22998,1426.459961,1434.319946,1436.280029,-0.00192785070101931,-0.0223971220545893,-0.014864906394806,-0.00985945357829277,-0.00944636715575364,9.64011758020078e-05,0.00723620556148141,0.0185207455041154,0.0209168175043444,0.0140799151626139,0.00539097214496986,0.0133707339555278,0.0269481374631868,0.0220390858224757,0.018885674370382,0.0300532219865179,0.0270582378440378,0.0324010510557236,0.0314715850891962,0.0368694491798132,0.0384806139455893,0.0371999183178444,0.0424601149335282,0.0395339641842618,0.0345422952590428,0.0449319122726179,0.0470593725846433,0.0376336805773247,0.0274231660217985,0.0344872450686173,0.0289723046537631,0.025364539791493,0.0203590869749799,0.022369554960507,0.0195879636318212,0.00921910645292634,-0.00544610633313458,0.00515001154858763,-0.000743640246815502,-0.00232026197512325,-0.00254752267795055,-0.00921910645292634,-0.0173572948845919,-0.0177979490897193,0.00404152712175043,-0.0109541548023417,-0.0111469571539456,-0.0178736744285801,-0.0124620271351749,-0.0111124981142163
"22",NA,1248.579956,1265.274004,1266.609985,1263.51001,1261.199951,1255.540039,1255.180054,1245.670044,1248.920044,1249.439941,1284.98999,1288.48999,1291.959961,1312.829956,1309.380005,1289.050049,1293.170044,1277.890015,1267.930054,1248.079956,1255.819946,1260.670044,1267.109985,1283.569946,1270.030029,1276.959961,1264.959961,1254.390015,1255.849976,1241.599976,1219.869995,1214.359985,1208.430054,1212.579956,1223.140015,1237.040039,1225.349976,1218.599976,1216.76001,1211.069946,1226.199951,1224.380005,1236.719971,1234.449951,1219.23999,1190.589966,1198.780029,1181.52002,1180.180054,1208.140015,1215.680054,1202.449951,0.0144404280345503,0.0119576274857323,0.010107478451304,0.00557439911361191,0.00528608357701343,-0.00233057721775576,0.000272379833078151,0.000688770467495825,0.0291611552988922,0.0319643398151748,0.0347434738092176,0.0514584586203304,0.0486953588417207,0.0324128965914618,0.0357126412175079,0.023474715302894,0.0154976843149002,-0.000400454930897465,0.00579857939029749,0.00968307070916974,0.0148408829654478,0.0280238280551093,0.0171795750019232,0.0227298258822921,0.0131189075407518,0.00465333355071085,0.00582263071344702,-0.00559033481713211,-0.0229940908966506,-0.0274071122442398,-0.0321564524619039,-0.0288327550246209,-0.0203750996303836,-0.00924243332959607,-0.0186051200713013,-0.0240112616384177,-0.0254849085531853,-0.03004213692503,-0.017924366711522,-0.0193819794108564,-0.00949877894724116,-0.011316860351713,-0.0234986681141308,-0.046444754876395,-0.0398852526509724,-0.0537089640737434,-0.0547821560576134,-0.0323887475573091,-0.0263498559638899,-0.0369459759291538
"23",NA,1214.349976,1216.657598,1200.47998,1204.400024,1183.530029,1183.430054,1190.160034,1191.290039,1186.72998,1178.02002,1181.660034,1161.969971,1171.410034,1157.26001,1165.310059,1162.089966,1184.930054,1179.209961,1161.51001,1148.560059,1129.030029,1133.579956,1132.939941,1131.73999,1106.400024,1085.780029,1092.540039,1038.77002,1032.73999,1016.099976,984.539978,965.799988,1003.450012,1012.27002,1007.039978,1018.609985,1040.939941,1038.550049,1051.329956,1072.280029,1069.630005,1071.380005,1062.439941,1056.75,1080.98999,1097.430054,1091.650024,1089.97998,1097.540039,1077.089966,1068.609985,1073.47998,-0.0114217451921783,-0.00819364449841264,-0.0253797896892287,-0.0254621176852562,-0.019920074507417,-0.0189895314001307,-0.0227446753784923,-0.0299172040334442,-0.0269197040771383,-0.0431341919835473,-0.0353604338523905,-0.0470127781350572,-0.0403836768388095,-0.0430353778011685,-0.0242268889376583,-0.0289373044793472,-0.0435129633501965,-0.0541770645203192,-0.0702597675186185,-0.0665129670987039,-0.0670400103832998,-0.0680281530305724,-0.0888952560081411,-0.105875529741024,-0.100308757283658,-0.144587606102114,-0.149553250372033,-0.163256066140854,-0.189245277343341,-0.204677393595139,-0.173673132266773,-0.16640998064301,-0.170716846129373,-0.161189109291834,-0.142800706902637,-0.144768749104006,-0.134244676758655,-0.116992588469405,-0.119174845687155,-0.117733745481624,-0.1250957615204,-0.129781347317291,-0.109820058990967,-0.0962818992142015,-0.101041672026187,-0.102416929598556,-0.0961913281249984,-0.113031673498382,-0.120014817705238,-0.116004445822133
"24",NA,1128.52002,1131.454503,1140.199951,1139.449951,1129.900024,1144.800049,1170.349976,1167.099976,1158.310059,1139.930054,1136.76001,1137.069946,1119.380005,1123.089966,1134.359985,1142.920044,1149.560059,1139.930054,1144.890015,1144.650024,1149.369995,1157.130005,1161.02002,1148.079956,1154.670044,1165.27002,1172.51001,1164.890015,1160.709961,1155.140015,1156.550049,1145.599976,1138.410034,1146.189941,1127.569946,1138.880005,1127.579956,1119.310059,1128.180054,1132.150024,1133.280029,1133.060059,1100.640015,1113.569946,1130.199951,1122.199951,1094.439941,1090.02002,1083.51001,1080.170044,1096.219971,1111.939941,0.0103497774013792,0.00968519016614344,0.00122284405729922,0.0144259992835571,0.0370662064107645,0.0341863283914094,0.0263974395421005,0.0101106172666747,0.00730158956329374,0.00757622890908061,-0.00809911639848437,-0.00481165943338779,0.00517488825763146,0.0127600961833181,0.0186439217976833,0.0101106172666747,0.014505719623831,0.0142930596836024,0.0184755029866464,0.0253517744417153,0.0287987801935494,0.0173323783835044,0.0231719628686782,0.032564774526552,0.038980247776198,0.0322280458967843,0.0285240318554563,0.0235884118387195,0.0248378659689175,0.0151348276479846,0.00876370274760396,0.0156576052589659,-0.0008418760705724,0.0091801517176453,-0.000833006046272788,-0.00816109669015885,-0.00030124941868559,0.00321660576300631,0.00421792162800982,0.00402300262249655,-0.0247049272550787,-0.0132475044616398,0.00148861426490265,-0.00560031624427881,-0.0301989139723013,-0.0341154780754355,-0.0398841041384449,-0.0428437024980736,-0.0286216003505192,-0.0146918784834671
"25",NA,1107.5,1110.551401,1118.51001,1116.47998,1104.180054,1083.339966,1097.97998,1080.949951,1089.839966,1109.430054,1109.380005,1109.890015,1106.72998,1131.780029,1153.839966,1146.140015,1162.77002,1157.540039,1164.310059,1168.26001,1165.579956,1154.089966,1153.040039,1166.160034,1165.550049,1170.290039,1151.849976,1153.589966,1148.699951,1131.869995,1138.48999,1144.579956,1147.390015,1146.540039,1136.76001,1125.400024,1126.339966,1122.72998,1125.290039,1117.800049,1130.469971,1103.689941,1111.01001,1102.550049,1128.369995,1126.069946,1124.469971,1125.170044,1107.829956,1100.959961,1093.140015,1091.47998,0.00994131828442435,0.00810833408577882,-0.00299769390519189,-0.0218149291196388,-0.00859595485327302,-0.0239729562076749,-0.0159458546275395,0.00174271241534973,0.00169752144469526,0.00215802708803614,-0.000695277652370097,0.0219232767494357,0.0418419557562077,0.0348894040632053,0.0499052099322799,0.0451828794582392,0.0512957643340857,0.0548623115124154,0.0524423981941309,0.0420676893905192,0.0411196740406321,0.0529661706546276,0.0524153941309256,0.0566952948081263,0.0400451250564333,0.0416162221218961,0.0372008586907451,0.0220045101580135,0.0279819322799097,0.0334807729119639,0.0360180722347629,0.0352505995485326,0.0264198735891648,0.0161625498871332,0.0170112559819413,0.0137516749435667,0.0160632406320542,0.0093002699774265,0.0207403801354402,-0.00344023386004511,0.00316930925507908,-0.00446948171557571,0.0188442392776524,0.0167674455981941,0.0153227729119638,0.0159548930022573,0.000297928668171688,-0.00590522708803609,-0.0129661264108353,-0.0144650293453724
"26",NA,876.190002,893.3192035,882.950012,882.530029,904.27002,909.830017,900.359985,896.73999,914.150024,933.76001,930.549988,932.869995,913.309998,938.869995,936.309998,934.530029,920.75,917.580017,906.549988,912.22998,892,904.450012,904.960022,901.580017,889.47998,910.400024,902.98999,891.119995,884.25,895.76001,897.380005,892.469971,889.659973,875.400024,879.390015,879.820007,909.030029,908.590027,929.01001,922.929993,909.929993,927.570007,927.570007,926.26001,931.659973,918.219971,914.599976,901.780029,887.619995,878.359985,887.340027,861.400024,0.00771523297979826,0.00723590429647469,0.0320478639745994,0.0383935161588387,0.0275853216138386,0.0234538033452703,0.0433239615989136,0.0657049359940083,0.0620413219460589,0.0646891574551429,0.0423652357539683,0.0715369872481151,0.0686152499603618,0.0665837625022341,0.0508565469798639,0.0472386296414278,0.0346500027741699,0.0411326058477439,0.0180440292218718,0.0322532897379488,0.0328353666834011,0.028977750193502,0.0151679178827242,0.039044067978306,0.0305869593796164,0.0170396751457111,0.00919891573928266,0.0223353473051842,0.0241842556427618,0.0185804094578106,0.0153733447873787,-0.000901605814032092,0.00365219072654965,0.00414294273127291,0.0374804858821021,0.0369783094146741,0.0602837374079053,0.0533445838155089,0.038507619264069,0.0586402548336771,0.0586402548336771,0.057145148752793,0.0633081533381843,0.0479690123193164,0.043837494050748,0.0292060248822605,0.0130451077664773,0.0024766123729405,0.0127255788978975,-0.0168798753309674
"27",NA,864.22998,879.4739019,874.73999,869.950012,868.52002,863.5,848.179993,858.47998,880.900024,876.450012,878.849976,879.929993,878.289978,865.98999,871.580017,868.299988,885.22998,890.809998,879.909973,893.580017,892.01001,911.369995,919.02002,911.429993,898.809998,914.840027,917.840027,916.919983,916.299988,930.080017,926.549988,934.390015,929.619995,920.27002,933.409973,945.109985,942.299988,939.280029,946.669983,944.299988,920.77002,919.72998,923.419983,931.869995,933.219971,951.47998,953.219971,949.640015,963.590027,967,971.559998,986.23999,0.0121611263705526,0.00661864565263071,0.00496400275306352,-0.000844659427343575,-0.0185714304889075,-0.00665332160775078,0.019288898077801,0.014139791817914,0.0169167887464399,0.0181664757799771,0.0162688153910144,0.00203650653267085,0.00850472347649878,0.00470940385567276,0.0242990876109157,0.0307557231467486,0.0181433106497879,0.0339609104974581,0.0321442563239938,0.054545683545947,0.0633975229602659,0.0546151071963508,0.0400125184270974,0.0585608555259793,0.0620321537561102,0.0609675713864961,0.060250175537766,0.0761950389640498,0.072110444490713,0.0811821351071389,0.0756627477792429,0.0648438972228205,0.0800481290871211,0.0935862060698243,0.0903347601989,0.086840367421644,0.0953912788352935,0.0926489590189872,0.0654224469278422,0.0642190172574204,0.0684887175517794,0.078266221451841,0.0798282778850139,0.100956923526305,0.102970266085886,0.0988279011103039,0.114969451765605,0.11891512951217,0.12419150050777,0.141177710590415
"28",NA,1095.400024,1102.9776,1093.949951,1091.329956,1109.189941,1108.060059,1122.469971,1127,1126.209961,1132.170044,1141.810059,1150.569946,1148.160034,1140.530029,1139.319946,1145.199951,1129.439941,1128.170044,1128.839966,1134.609985,1135.819946,1118.150024,1124.089966,1139.930054,1140.599976,1135.530029,1138.109985,1122.410034,1113.890015,1107.300049,1117.48999,1119.550049,1121.530029,1113.98999,1098.699951,1087.119995,1095.449951,1097.280029,1096.439941,1095.699951,1084.099976,1091.48999,1088.680054,1089.189941,1093.560059,1095.410034,1113.050049,1114.939941,1121.280029,1120.680054,1121.199951,1124.98999,-0.00132378397683874,-0.00371559969949387,0.0125889325341115,0.0115574536448977,0.0247123848885364,0.0288478868976179,0.0281266535740006,0.0335676640445279,0.0423681157414324,0.050365091100272,0.0481650619354013,0.0411995654657755,0.040094870401427,0.0454627769845657,0.0310753297920323,0.0299160300182721,0.0305276075108065,0.0357951069389424,0.0368996906284531,0.0207686685243309,0.0261912921046275,0.0406518431845497,0.0412634206770841,0.0366350229329555,0.0389902867119163,0.0246576678913784,0.0168796700701916,0.0108636340508241,0.0201661178711094,0.0220467632562329,0.0238543038410597,0.0169709380981353,0.0030125314293401,-0.00755890890869659,4.55787830071497e-05,0.00171627255688289,0.000949349075420658,0.000273805909648317,-0.0103159099437815,-0.00356950329955441,-0.00613471777685493,-0.00566923759716842,-0.00167971970028014,9.13821415071681e-06,0.016112857963567,0.0178381564468544,0.0236260767144185,0.0230783544331927,0.0235529728270301,0.0270129316703394
"29",NA,1125.290039,1127.262998,1132.01001,1133.560059,1132.050049,1135.02002,1130.300049,1134.410034,1144.060059,1140.650024,1134.430054,1133.349976,1136.199951,1140.839966,1128.939941,1125.380005,1116.209961,1118.329956,1109.109985,1112.810059,1114.349976,1115.140015,1111.469971,1106.689941,1101.390015,1100.900024,1108.670044,1093.880005,1096.839966,1086.199951,1084.069946,1094.829956,1095.420044,1100.430054,1101.719971,1106.619995,1099.689941,1098.630005,1080.699951,1063.969971,1065.219971,1079.040039,1075.790039,1063.22998,1064.800049,1079.339966,1081.709961,1095.170044,1091.22998,1098.349976,1095.680054,1096.189941,0.00597176795946019,0.00734923416486399,0.00600734900844535,0.00864664278788663,0.00445219439110311,0.00810457276250709,0.016680161868917,0.013649800911461,0.00812236373132946,0.00716254185202114,0.00969520001234114,0.0138185947276479,0.00324352111322668,7.99491658878271e-05,-0.00806910013001538,-0.0061851458368769,-0.0143785632496831,-0.0110904562979075,-0.00972199399340812,-0.0090199181084194,-0.0122813386069616,-0.0165291590215524,-0.0212389901018222,-0.0216744253967398,-0.014769521122545,-0.0279128339462712,-0.025282435651241,-0.034737789054578,-0.0366306388321277,-0.027068650698329,-0.0265442632252786,-0.0220920688341755,-0.0209457714750108,-0.016591317218618,-0.0227497774909211,-0.0236916999849138,-0.0396254178519392,-0.0544926782205347,-0.0533818534938618,-0.0411005148869001,-0.0439886591762499,-0.055150278460787,-0.053755021286561,-0.0408339818246627,-0.0387278625861897,-0.0267664281706131,-0.0302678045833124,-0.0239405504948222,-0.0263132027955328,-0.0258600867256054
"30",NA,1108.359985,1109.395302,1110.109985,1103.52002,1110.060059,1114.800049,1114.579956,1131.5,1135.170044,1134.47998,1142.050049,1130.650024,1122.140015,1124.390015,1121.839966,1113.650024,1103.290039,1108.199951,1114.02002,1103.22998,1103.660034,1106.48999,1095.73999,1094.800049,1111.089966,1125.400024,1127.439941,1130.199951,1130.51001,1130.560059,1143.199951,1161.670044,1166.170044,1164.890015,1164.079956,1162.910034,1173.47998,1184.170044,1183.810059,1175.430054,1181.939941,1183.550049,1170.339966,1177.23999,1176.939941,1181.76001,1182.650024,1178.569946,1173.819946,1191.369995,1190.329956,1191.170044,0.00157890940099215,-0.00436678070798457,0.00153386446913251,0.00581044433862332,0.00561186896331334,0.0208777069843422,0.0241889452550021,0.0235663460910671,0.0303963192969294,0.0201108297860464,0.0124328108074019,0.0144628371801061,0.0121620964149116,0.00477285274783723,-0.00457427737252714,-0.000144388106901872,0.00510667569796808,-0.00462846464093525,-0.00424045532463002,-0.00168717296303333,-0.0113861878548421,-0.0122342345298582,0.00246308152310282,0.01537410158307,0.017214583942238,0.0197047586484278,0.0199845044026918,0.0200296603093262,0.0314337999129408,0.04809814475574,0.0521581975011485,0.0510033118887812,0.050272449162805,0.0492169058232466,0.0587534698846062,0.0683984084827818,0.0680736177966583,0.0605128928395948,0.06638633385885,0.0678390279490286,0.0559204426709792,0.0621458785342202,0.0618751641417297,0.0662239940031757,0.0670269948440985,0.0633458099806805,0.0590601987494161,0.0748944486659719,0.0739560901776872,0.0747140460867504
"31",NA,1183.780029,1187.321698,1171.709961,1172.530029,1171.420044,1174.280029,1165.359985,1181.410034,1180.589966,1172.920044,1176.119995,1181.390015,1184.069946,1191.140015,1181.199951,1181.209961,1187.76001,1173.790039,1162.050049,1142.619995,1145.97998,1152.780029,1137.5,1159.949951,1152.119995,1162.099976,1151.829956,1156.380005,1143.219971,1156.849976,1162.160034,1161.170044,1175.650024,1172.630005,1171.349976,1178.839966,1166.219971,1171.109985,1159.359985,1154.050049,1165.689941,1173.800049,1185.560059,1191.079956,1189.280029,1193.859985,1194.069946,1190.01001,1197.619995,1198.780029,1191.5,1202.219971,-0.0101962085052205,-0.00950345480106085,-0.0104411163368259,-0.00802513960978468,-0.0155603604966713,-0.0020020569209992,-0.00269481062515886,-0.00917398903001776,-0.00647082550165234,-0.00201896800203583,0.000244907831605357,0.0062173594922168,-0.00217952485832984,-0.00217106889543583,0.0033620950704516,-0.00843905941582668,-0.0183564340229295,-0.034770002020367,-0.0319316495243898,-0.0261872976740344,-0.0390951256705142,-0.0201304950381115,-0.0267448624105822,-0.0183142581128981,-0.0269898733018751,-0.0231462124117318,-0.0342631713716806,-0.0227492036867265,-0.0182635240250366,-0.0190998196000146,-0.0068678342266576,-0.00941899992131057,-0.0105003063875815,-0.00417312581643492,-0.0148338860006229,-0.0107030391539068,-0.0206288697239038,-0.0251144463259061,-0.0152816296582411,-0.00843060345293256,0.00150368307995841,0.00616662455960393,0.00464613345829634,0.00851505833268296,0.00869242321032604,0.00526278603066377,0.0116913325625971,0.0126712730680811,0.00652145737457777,0.0155771693627718
"32",NA,1196.390015,1214.631998,1191.48999,1195.900024,1187.329956,1184.869995,1177.680054,1176.839966,1186.569946,1190.099976,1178.140015,1195.76001,1177.800049,1179.589966,1199.380005,1196.540039,1191.380005,1178.900024,1198.410034,1207.01001,1202.76001,1214.76001,1219.939941,1220.140015,1222.810059,1218.589966,1220.650024,1230.959961,1234.719971,1233.76001,1229.01001,1231.209961,1242.800049,1248.27002,1254.849976,1261.22998,1265.609985,1268.25,1257.459961,1257.47998,1249.47998,1264.670044,1265.079956,1262.089966,1263.699951,1257.369995,1255.839966,1259.369995,1260.430054,1267.430054,1272.73999,1270.939941,-0.00409567527191368,-0.000409557914941239,-0.00757283067094128,-0.00962898373905263,-0.0156386803345229,-0.0163408660678265,-0.00820808338157175,-0.00525751545995645,-0.0152542229299699,-0.000526588313260024,-0.0155383827739485,-0.0140422845304338,0.00249917665854138,0.000125397235114955,-0.0041876059956919,-0.0146189710551872,0.0016884285013028,0.00887669979425576,0.00532434650919411,0.0153545204905443,0.0196841545856601,0.0198513860047553,0.0220831364929102,0.0185557809089538,0.0202776759215932,0.028895214408823,0.0320380106147911,0.0312356292943485,0.0272653520933974,0.0291041763667679,0.0387917262916977,0.0433637896919425,0.0488636316477449,0.0541963441578874,0.0578573618403193,0.0600640126539338,0.0510451819509712,0.0510619147887155,0.0443751321344821,0.0570717141934689,0.0574143382498893,0.0549151615913479,0.0562608640627948,0.0509699840649374,0.049691112642728,0.0526416797284956,0.0535277277452035,0.0593786625676578,0.063816961060144,0.0623123940063979
"33",NA,1270.319946,1288.656604,1261.810059,1267.030029,1262.069946,1256.579956,1258.569946,1272.880005,1280.160034,1259.869995,1270.089966,1285.709961,1288.219971,1265.290039,1263.849976,1256.150024,1257.930054,1252.300049,1237.439941,1223.689941,1230.040039,1256.160034,1251.540039,1240.130005,1240.119995,1252.199951,1245.599976,1244.5,1250.560059,1239.199951,1246,1272.869995,1270.199951,1280.189941,1270.910034,1274.079956,1265.47998,1267.339966,1272.430054,1258.599976,1242.280029,1236.199951,1234.48999,1236.859985,1259.810059,1249.130005,1240.290039,1260.910034,1268.880005,1268.400024,1263.199951,1278.550049,-0.00669901077031521,-0.00258983338044827,-0.00649442687724278,-0.0108161648907936,-0.00924963827970937,0.002015286785082,0.00774614933110707,-0.00822623547154788,-0.000181041005239857,0.0121150699463235,0.0140909579955535,-0.00395955917707058,-0.00509318146217641,-0.0111546087618466,-0.00975336334678012,-0.0141853216244785,-0.0258832470540457,-0.0367072918494503,-0.0317084740161988,-0.0111467288572356,-0.0147836039724752,-0.0237656199094272,-0.0237734998140382,-0.0142641190961824,-0.0194596409178953,-0.0203255456086494,-0.0155550474211008,-0.0244977614482014,-0.019144740721878,0.00200740688047096,-9.44604549254491e-05,0.00776969221893964,0.000464519196016644,0.00295989212153946,-0.0038100370030717,-0.00234584996432075,0.00166108389201014,-0.00922599856587636,-0.0220731140121766,-0.0268593712217442,-0.0282054580917366,-0.026339790306654,-0.00827341728601039,-0.0166807905887987,-0.0236396406232608,-0.00740751338245937,-0.00113352624630847,-0.00151136885321335,-0.00560488325985875,0.00647876389402136
"34",NA,1279.359985,1279.4233,1275.77002,1271.47998,1265.949951,1271.810059,1266.73999,1268.209961,1285.579956,1295.430054,1297.47998,1302.300049,1297.52002,1298.819946,1292.98999,1296.060059,1295.089966,1301.780029,1304.280029,1305.369995,1303.819946,1311.01001,1313.25,1300.26001,1294.02002,1298.920044,1299.540039,1313,1318.069946,1316.280029,1319.660034,1321.180054,1317.640015,1325.180054,1318.030029,1314.780029,1326.369995,1336.349976,1336.589966,1338.880005,1335.849976,1331.319946,1334.109985,1350.199951,1353.219971,1349.589966,1350.660034,1353.420044,1349.949951,1362.829956,1365.619995,1369.060059,-0.00280606322074406,-0.00615933364525234,-0.0104818301003842,-0.00590133042186725,-0.00986430336102784,-0.00871531400913717,0.0048617832923703,0.0125610220644816,0.0141633279236884,0.0179308906554552,0.0141946248225044,0.0152107000595301,0.0106537684153065,0.0130534596953178,0.0122951953980333,0.01752442179126,0.0194785238651964,0.0203304857936446,0.0191189042074034,0.024738951797058,0.0264898194388969,0.0163363128791307,0.0114588819189931,0.0152889407432888,0.0157735541494211,0.0262944092315034,0.0302572860288419,0.0288582138200921,0.0315001637322587,0.0326882734260285,0.0299212344053421,0.0358148367443272,0.0302260852718479,0.0276857525757301,0.0367449432147122,0.0445457038426913,0.0447332898253809,0.0465232778090992,0.044154883427904,0.040614027020706,0.0427948354192116,0.0553714097912794,0.0577319807294112,0.0548946206098513,0.0557310294490725,0.0578883659551068,0.0551759995838856,0.0652435373770113,0.0674243457755168,0.0701132402542666
"35",NA,1399.040039,1406.124897,1406.819946,1403.170044,1387.170044,1374.119995,1395.410034,1391.969971,1401.890015,1402.839966,1406.599976,1377.949951,1387.170044,1392.280029,1386.949951,1402.060059,1410.939941,1435.040039,1434.540039,1436.109985,1437.5,1428.609985,1417.22998,1422.530029,1420.859985,1424.550049,1437.77002,1439.369995,1443.76001,1444.609985,1448.390015,1438.869995,1447.800049,1452.849976,1468.329956,1471.47998,1472.5,1470.72998,1484.349976,1480.930054,1480.410034,1495.420044,1494.25,1494.069946,1482.369995,1486.300049,1495.920044,1502.390015,1505.619995,1509.47998,1507.719971,1512.579956,0.00556088945500166,0.00295202773678449,-0.00848438548512476,-0.01781224504326,-0.00259463982359975,-0.00505351369718732,0.00203709395053275,0.00271609596156819,0.00540366021647509,-0.0150746850784018,-0.00848438548512476,-0.00483189173401488,-0.00864170264107778,0.00215863729115195,0.00850576228576405,0.0257319297492957,0.0253745418361111,0.0264967012856163,0.0274902504059071,0.0211358825878465,0.0130017301098844,0.0167900770136573,0.0155963699334842,0.0182339384784398,0.0276832541745433,0.0288268776273386,0.0319647542267374,0.0325722958097556,0.0352741698767065,0.028469489714154,0.0348524764415266,0.0384620421860564,0.0495267576827372,0.0517783186904204,0.0525074043288336,0.0512422368206433,0.0609774807166903,0.0585330031430216,0.058161305417793,0.0688900977193547,0.0680537785523663,0.0679250803057254,0.0595622381612197,0.0623713457567456,0.0692474856325396,0.0738720645006501,0.0761807761243065,0.0789398000924548,0.0776817882050622,0.0811555879995798
"36",NA,1482.660034,1485.487097,1458.949951,1473.910034,1455.27002,1465.810059,1472.199951,1433.060059,1467.670044,1476.709961,1497.48999,1453.089966,1453.640015,1452.920044,1426.540039,1406.699951,1411.27002,1445.939941,1445.550049,1447.119995,1464.069946,1462.5,1479.369995,1466.790039,1432.359985,1463.76001,1457.640015,1473.98999,1489.420044,1472.290039,1478.550049,1453.550049,1451.699951,1471.48999,1471.560059,1483.949951,1484.25,1476.650024,1519.780029,1529.030029,1518.75,1525.75,1517.72998,1517.209961,1525.420044,1531.380005,1526.75,1547.040039,1546.630005,1539.589966,1542.839966,1557.589966,-0.0159915843526406,-0.00590155517741564,-0.0184735633064215,-0.0113646922514943,-0.00705494365541115,-0.0334533702012502,-0.0101102003535897,-0.00401310675647437,0.0100022632700167,-0.0199439300459353,-0.0195729421003602,-0.0200585362240904,-0.0378508853770048,-0.0512322995549227,-0.0481499550557117,-0.0247663605667811,-0.0250293284697792,-0.0239704572761148,-0.0125383348668586,-0.0135972060605229,-0.00221901105078282,-0.0107037315608927,-0.0339255445257385,-0.0127473753703407,-0.0168750883049702,-0.0058476277778996,0.00455937965884368,-0.00699418259223139,-0.00277203465781151,-0.0196336208789992,-0.020881444356785,-0.00753378640001834,-0.00748652742062117,0.000870001868547021,0.00107237395191029,-0.00405353207220793,0.0250360798489022,0.0312748667507416,0.0243413629371492,0.0290626070790818,0.0236533967300558,0.0233026629218496,0.0288400638173538,0.0328598396684106,0.0297370705279292,0.0434219602091197,0.0431454072633348,0.0383971582793741,0.0405891644881284,0.050537500358629
"37",NA,1500.630005,1503.9999,1506.329956,1519.589966,1515.880005,1514.400024,1535.280029,1540.97998,1531.02002,1549.380005,1508.439941,1509.650024,1502.170044,1520.27002,1475.619995,1474.77002,1453.699951,1439.180054,1481.050049,1470.579956,1451.150024,1458.73999,1433.27002,1439.699951,1416.77002,1440.699951,1407.219971,1428.22998,1469.02002,1469.719971,1481.140015,1472.420044,1462.790039,1485.01001,1507.339966,1504.660034,1515.959961,1477.650024,1486.589966,1488.410034,1467.949951,1445.900024,1454.97998,1453,1460.119995,1484.459961,1496.449951,1497.660034,1476.27002,1478.48999,1468.359985,1447.160034,0.00379837200443034,0.0126346673975775,0.0101623984254533,0.00917615864944676,0.0230903179894768,0.0268886899939069,0.0202515043006886,0.0324863556223507,0.00520443811864202,0.00601082143496123,0.00102626163335984,0.0130878463942217,-0.0166663400816113,-0.0172327521866391,-0.0312735676640025,-0.0409494351007597,-0.0130478238704816,-0.0200249554519603,-0.0329728053118596,-0.0279149522936535,-0.0448878036395121,-0.0406029826119596,-0.0558831855424616,-0.0399365958299627,-0.0622472119634846,-0.0482464196762479,-0.0210644761831216,-0.020598038088676,-0.0129878717172526,-0.0187987451310492,-0.0252160531736135,-0.0104089582028583,0.00447142931811495,0.00268555805666426,0.0102156800469946,-0.0153135555889408,-0.00935609640832147,-0.00814322715078586,-0.0217775560205461,-0.0364713359173435,-0.0304205732578298,-0.031740005758448,-0.0269953352025638,-0.0107755035859088,-0.00278553273363336,-0.00197914941731425,-0.0162331720136437,-0.0147538133492139,-0.0215043147827768,-0.0356316819081596
"38",NA,1375.939941,1382.578202,1379.930054,1388.819946,1397.839966,1396.369995,1390.939941,1385.589966,1409.339966,1413.900024,1407.48999,1418.26001,1392.569946,1397.680054,1388.280029,1403.579956,1403.040039,1408.660034,1423.569946,1425.349976,1426.630005,1413.400024,1390.709961,1394.349976,1375.930054,1385.349976,1390.839966,1398.26001,1400.380005,1385.670044,1377.650024,1377.199951,1404.050049,1360.680054,1361.76001,1358.439941,1335.48999,1339.869995,1360.030029,1360.140015,1350.930054,1337.810059,1342.829956,1317.930054,1318,1314.290039,1321.969971,1283.150024,1278.380005,1280,1284.910034,1261.52002,0.00289991799867373,0.00936087732916535,0.0159164105550156,0.0148480710467289,0.0109016386202863,0.00701340568178188,0.0242743334972351,0.0275884737908048,0.0229298155100215,0.0307572065749051,0.0120862869842369,0.0158001903660123,0.0089684786612354,0.020088096999286,0.0196956983313561,0.0237801753005438,0.0346163401328285,0.0359100230523797,0.0368403172911453,0.0272250858367953,0.0107344946969601,0.013379969903788,-7.18563340273981e-06,0.00683898673161631,0.010828979198882,0.0162216884145234,0.0177624497056446,0.00707160444294419,0.00124284712511291,0.000915744911863081,0.0204297492662144,-0.0110905182306937,-0.010305632228173,-0.012718578390334,-0.0293980498673525,-0.0262147677563493,-0.0115629407403037,-0.0114830055652845,-0.0181765833338798,-0.0277118796132106,-0.0240635394128733,-0.0421601882985095,-0.0421093532308472,-0.0448056635053377,-0.0392240739525128,-0.0674374761826905,-0.0709042110726839,-0.0697268377355724,-0.0661583433168178,-0.083157641980247
"39",NA,815.549988,829.9528991,825.159973,856.559998,858.72998,841.5,852.059998,865.299988,869.599976,832.390015,850.080017,843.549988,851.919983,866.22998,857.51001,855.159973,873.640015,872.809998,877.52002,907.23999,903.799988,919.530029,907.390015,929.22998,909.23999,908.349976,883.919983,893.070007,882.880005,909.710022,908.130005,903.469971,888.330017,887,910.330017,893.059998,906.830017,919.140015,942.869995,944.73999,931.76001,942.460022,940.090027,939.140015,942.429993,939.150024,944.890015,946.210022,923.719971,911.969971,910.710022,918.369995,0.011783440796274,0.0502850966874149,0.0529458557235611,0.0318190330229029,0.0447673478477202,0.0610017788388466,0.0662742796827802,0.0206486754310393,0.0423395616554163,0.034332659446989,0.0445956661579892,0.062142103789719,0.0514499694897916,0.0485684330609053,0.071228039794907,0.0702103008307566,0.0759855715919648,0.112427200477134,0.108209185578457,0.127496833462034,0.112611156092617,0.139390587545444,0.114879533294776,0.113788228024595,0.0838329912402622,0.0950524433089686,0.0825578051507494,0.115455870744247,0.113518506973481,0.107804529818717,0.0892404267928211,0.08760960462426,0.116216087786884,0.0950401706093826,0.11192450535601,0.127018611396264,0.156115515754259,0.158408440807923,0.142492825344754,0.155612820633136,0.152706812375062,0.151541939572685,0.155576000082045,0.151554212272271,0.158592396423406,0.160210944666215,0.132634399597343,0.118226944293695,0.116682037153068,0.126074438738144
"40",NA,1084.530029,1088.1075,1073.869995,1089.189941,1103.319946,1097.280029,1063.109985,1066.189941,1056.73999,1070.52002,1068.130005,1078.469971,1075.51001,1094.869995,1099.51001,1106.75,1109.170044,1108.01001,1094.599976,1105.23999,1102.939941,1104.48999,1115.709961,1118.310059,1118.790039,1122.969971,1138.699951,1138.5,1140.449951,1145.609985,1150.23999,1149.98999,1150.51001,1159.459961,1166.209961,1165.829956,1159.900024,1165.810059,1174.170044,1167.719971,1165.72998,1166.589966,1173.219971,1173.27002,1169.430054,1178.099976,1187.439941,1189.439941,1182.449951,1186.439941,1194.369995,1196.47998,-0.00982917366504754,0.00429671090278316,0.017325400401615,0.0117562443261772,-0.0197505310385463,-0.0169106318032619,-0.0256240382994504,-0.0129180461816425,-0.0151217795371897,-0.00558772725323964,-0.00831698409339299,0.00953405228395021,0.0138124169911757,0.0204881104311037,0.0227195322776996,0.0216499132086272,0.00928507900263953,0.019095793058949,0.016975013607484,0.0184042492750562,0.0287497175423992,0.0311471596882817,0.0315897292688057,0.0354438705910649,0.0499478304440752,0.049763463949231,0.0515614326064917,0.056319285189659,0.0605884200925155,0.0603579054978847,0.0608373942958844,0.0690897716028109,0.0753136656578459,0.0749632788637151,0.0694955353790394,0.0749449326681575,0.08265332688174,0.0767059830300005,0.0748710951552638,0.0756640524519769,0.0817773041118808,0.0818234522116676,0.0782827793881213,0.0862769536093684,0.0948889465927365,0.096733063349784,0.090287884504487,0.0939668882142128,0.101278860947058,0.103224390294868
"41",NA,1128.150024,1139.377496,1110.880005,1159.72998,1155.790039,1171.670044,1157.439941,1135.680054,1136.939941,1120.800049,1115.050049,1071.589966,1087.689941,1073.650024,1074.030029,1067.949951,1103.060059,1089.410034,1070.709961,1098.380005,1102.829956,1064.880005,1050.469971,1062,1055.689941,1086.839966,1091.599976,1089.630005,1115.22998,1114.609985,1116.040039,1117.51001,1113.199951,1095.310059,1092.040039,1073.689941,1076.76001,1074.569946,1041.23999,1030.709961,1027.369995,1022.580017,1028.060059,1060.27002,1070.25,1077.959961,1078.75,1095.339966,1095.170044,1096.47998,1064.880005,1071.25,-0.015308264532732,0.0279926918655988,0.0245003008571492,0.0385764473466872,0.025962785424716,0.00667467077942452,0.00779144334796378,-0.00651506877954033,-0.0116119086303367,-0.0501352274048261,-0.0358640979827697,-0.0483091777162432,-0.0479723386505907,-0.0533617619282167,-0.0222399188638409,-0.0343393956263391,-0.0509152699357652,-0.0263883511648979,-0.0224438837577865,-0.0560829833391024,-0.0688561373464989,-0.0586358397311881,-0.0642291197611142,-0.0366175217135838,-0.0323982158599857,-0.034144411807414,-0.0114524165449116,-0.0120019844098324,-0.0107343746331384,-0.0094313821509967,-0.0132518483197763,-0.0291095725757837,-0.0320081409668969,-0.0482737950107954,-0.0455524645718574,-0.0474937524798563,-0.0770376564739584,-0.086371547158696,-0.0893321161689751,-0.0935779858654686,-0.0887204386568361,-0.0601693059929413,-0.0513229825539586,-0.044488819689109,-0.0437885236440858,-0.029083062803711,-0.0292336828421679,-0.0280725464931604,-0.0560829833391024,-0.0504365756233853
"42",NA,1125.810059,1126.860997,1121.640015,1127.790039,1121.060059,1089.469971,1083.609985,1079.25,1079.380005,1092.540039,1094.160034,1075.630005,1071.689941,1067.359985,1051.869995,1055.329956,1047.219971,1064.589966,1048.920044,1049.329956,1080.290039,1090.099976,1104.51001,1091.839966,1098.869995,1104.180054,1109.550049,1121.900024,1121.099976,1125.069946,1124.660034,1125.589966,1142.709961,1139.780029,1134.280029,1124.829956,1148.670044,1142.160034,1147.699951,1144.72998,1141.199951,1146.23999,1137.030029,1160.75,1159.969971,1158.060059,1165.150024,1165.319946,1169.77002,1178.099976,1173.810059,1176.189941,-0.00370403867567504,0.00175871585457221,-0.00421918418833389,-0.0322790578299496,-0.037484186308909,-0.0413569399454086,-0.0412414630947971,-0.029552072069379,-0.0281131126400781,-0.0445723979803239,-0.0480721570813393,-0.0519182374795248,-0.0656772102975143,-0.0626039023515244,-0.0698075908735507,-0.0543787049250374,-0.0682975022165795,-0.0679333981683671,-0.0404331260287664,-0.0317194563279346,-0.0189197536740076,-0.0301739114235432,-0.0239294930655792,-0.0192128368609646,-0.0144429425461369,-0.00347308586270134,-0.0041837279409136,-0.000657404856248323,-0.00102150890446073,-0.000195497453802651,0.0150113261690088,0.0124088161127365,0.0075234449472974,-0.000870575806429019,0.0203053657384313,0.014522853894664,0.0194436813075234,0.016805606637416,0.013670060839277,0.0181468719671478,0.00996613053001694,0.0310353782333723,0.0303425180179528,0.0286460400155297,0.0349436964837069,0.0350946295817385,0.0390474047096785,0.0464464823190927,0.042635966534742,0.0447498950620056
"43",NA,1256.880005,1259.244294,1273.719971,1279.209961,1298.380005,1293.77002,1297.540039,1309.660034,1313.800049,1310.189941,1319.439941,1328.26001,1325.829956,1332.410034,1332.869995,1332.630005,1335.540039,1333.51001,1328.170044,1324.459961,1314.160034,1314.410034,1314.52002,1319.680054,1305.140015,1312.619995,1330.359985,1337.380005,1335.25,1347.23999,1355.660034,1360.47998,1363.609985,1361.219971,1356.619995,1347.319946,1335.099976,1340.199951,1346.290039,1357.160034,1342.079956,1348.650024,1337.77002,1329.469971,1328.97998,1340.680054,1343.599976,1333.27002,1317.369995,1316.280029,1320.469971,1325.689941,0.0133982288945713,0.0177661796759987,0.0330182673245725,0.0293504669127105,0.0323499728201977,0.0419928941426673,0.0452867766004441,0.0424144992265989,0.0497739925459313,0.0567914237763691,0.0548580220273296,0.060093269603728,0.0604592241882311,0.0602682831285872,0.0625835669969148,0.0609684334981524,0.0567198449465349,0.0537680253732735,0.04557318818991,0.0457720934147567,0.0458596005749967,0.0499650314669458,0.0383966725606395,0.0443479009756385,0.05846220777456,0.0640474824006767,0.0623528059068774,0.0718922925343219,0.0785914555144824,0.0824263052860008,0.0849166026791874,0.0830150575909592,0.0793552205486792,0.0719559071989535,0.0622334436770677,0.0662910903734204,0.0711364916653281,0.0797848868635633,0.0677868616423729,0.0730141450535686,0.0643577864857512,0.0577540940354127,0.0573642469553011,0.0666730703540788,0.0689962213218596,0.0607774924385085,0.0481271002477281,0.0472599005185066,0.050593505940927,0.0547466231671019
"44",NA,1314.550049,1316.727897,1312.939941,1300.160034,1286.170044,1284.939941,1279.560059,1289,1270.97998,1271.829956,1287.869995,1265.420044,1267.640015,1271.5,1278.359985,1295.52002,1287.140015,1283.5,1268.449951,1280.099976,1296.670044,1307.410034,1320.640015,1339.670044,1337.880005,1339.219971,1353.219971,1343.800049,1319.48999,1313.640015,1317.719971,1308.869995,1316.140015,1305.439941,1326.72998,1325.839966,1343.800049,1345.02002,1337.430054,1331.939941,1304.890015,1300.670044,1292.280029,1286.939941,1254.050049,1260.339966,1200.069946,1199.380005,1119.459961,1172.530029,1120.76001,1172.640015,-0.00122483582973865,-0.0109467228052266,-0.0215891399658683,-0.0225248996966869,-0.0266174650608529,-0.019436345553702,-0.0331444732995479,-0.0324978824750703,-0.0202959590776296,-0.0373740087244103,-0.0356852400071684,-0.0327488854705447,-0.0275303812338908,-0.0144764583246385,-0.0208512669569723,-0.023620286670424,-0.0350691082740204,-0.0262067412543225,-0.0136016160157627,-0.00543152769682032,0.00463273802669795,0.0191091963513366,0.017747484029039,0.0187668183640226,0.0294168502974967,0.0222509595752942,0.00375789495710555,-0.000692277940039121,0.00241141218047303,-0.0043209111774184,0.00120951347665277,-0.00693021007981409,0.00926547529267951,0.00858842689830519,0.0222509595752942,0.0231790117258595,0.0174051988491464,0.013228778937119,-0.0073485478984604,-0.0105587497490558,-0.0169411731542219,-0.0210034665633334,-0.0460233522839418,-0.0412385082190202,-0.0870869109069577,-0.0876117604556873,-0.14840826193602,-0.10803698201376,-0.147419293124229,-0.107953313841457
"45",NA,1229.050049,1231.675503,1242,1284.589966,1285.089966,1253.300049,1218.280029,1237.900024,1261.150024,1253.22998,1261.119995,1275.920044,1229.099976,1239.699951,1263.849976,1251.780029,1257.810059,1236.910034,1216.130005,1215.650024,1192.97998,1188.040039,1161.790039,1158.670044,1192.550049,1195.189941,1246.959961,1244.579956,1244.280029,1257.079956,1258.469971,1261.01001,1234.349976,1255.189941,1236.469971,1225.72998,1211.819946,1215.75,1219.660034,1205.349976,1241.300049,1243.719971,1254,1265.329956,1265.430054,1249.640015,1263.02002,1257.599976,1277.060059,1277.300049,1281.060059,1277.810059,0.010536553015507,0.0451893045732266,0.0455961228312844,0.0197306855158019,-0.00876288155129468,0.00720066282670984,0.0261177118263962,0.0196736748187543,0.0260932791354538,0.038135139442153,4.06224303401981e-05,0.00866514916025207,0.0283144913653552,0.0184939417385761,0.0234001943398483,0.00639517081212038,-0.0105122195882196,-0.0109027496568611,-0.0293479252772072,-0.0333672416622637,-0.0547252002102967,-0.0572637420723946,-0.0296977328382174,-0.027549820308416,0.014572158403616,0.0126356994270784,0.0123916678677094,0.0228061558785229,0.0239371228404712,0.0260037913232287,0.00431221413994676,0.0212683706585168,0.00603711948592922,-0.00270132937442313,-0.0140190409772319,-0.010821405532526,-0.00764005909087262,-0.0192832448274041,0.00996704732241538,0.0119359842277669,0.0203001912088936,0.0295186571364761,0.0296001005244662,0.0167527482031775,0.0276392088569861,0.0232292631396331,0.0390626972750725,0.039257961902575,0.0423172433395347,0.0396729246621592
"46",NA,1338.349976,1349.666199,1330.660034,1324.800049,1304.859985,1295.219971,1315.98999,1316.630005,1318.859985,1320.680054,1317.819946,1332.420044,1313.319946,1310.329956,1278.040039,1278.180054,1285.5,1315.130005,1314.98999,1325.660034,1308.930054,1324.180054,1314.880005,1329.099976,1342.839966,1344.780029,1357.97998,1355.689941,1325.51001,1335.02002,1313.719971,1319.98999,1331.849976,1329.040039,1362.160034,1365.51001,1374.02002,1367.579956,1354.680054,1352.459961,1341.469971,1341.449951,1334.76001,1356.780029,1353.640015,1363.670044,1372.780029,1376.51001,1362.660034,1350.52002,1338.310059,1337.890015,-0.00574583788837002,-0.0101243525557474,-0.0250233433709868,-0.0322262530529608,-0.0167071292270117,-0.0162289172410013,-0.0145627013483056,-0.0132027663293357,-0.0153398067532075,-0.00443077827648874,-0.0187021559747836,-0.0209362427634548,-0.0450629043833898,-0.0449582867553323,-0.0394889057030924,-0.0173497003148599,-0.0174543179429174,-0.00948178146789913,-0.0219822337412289,-0.0105876058236654,-0.0175364974938363,-0.00691149562212867,0.00335486986252986,0.00480446304427629,0.0146673174819858,0.0129562261822016,-0.00959387770781417,-0.00248810554766288,-0.0184032618087034,-0.0137183743633884,-0.00485672665338766,-0.00695627987219394,0.0177906066626627,0.0202936709284178,0.0266522543726635,0.0218403112221524,0.0122016500114615,0.0105428215736001,0.00233122505768257,0.00231626633959015,-0.0026823820856855,0.013770727635146,0.0114245446065595,0.0189188690955675,0.0257257470896388,0.0285127468033817,0.0181642010206156,0.00909331954887715,-2.9825531972838e-05,-0.00034367766895671
"47",NA,1394.530029,1401.888499,1377.51001,1379.849976,1380.030029,1374.530029,1355.48999,1353.329956,1359.880005,1386.890015,1387.810059,1391.030029,1409.150024,1406.290039,1398.939941,1409.930054,1415.949951,1416.180054,1409.459961,1407.050049,1409.280029,1413.939941,1418.069946,1418.550049,1427.839966,1428.47998,1419.449951,1413.579956,1430.359985,1446.790039,1435.810059,1443.689941,1430.150024,1426.660034,1419.829956,1418.099976,1402.430054,1426.189941,1462.420044,1459.369995,1466.469971,1461.890015,1457.150024,1461.02002,1472.119995,1472.050049,1470.680054,1472.339966,1472.630005,1480.939941,1485.97998,1492.560059,-0.0122048422379294,-0.0105268819564445,-0.0103977682075428,-0.0143417492517832,-0.0279951225058919,-0.0295440558060582,-0.0248470977888136,-0.00547855825340571,-0.00481880623597541,-0.00250980611906204,0.0104838151176163,0.00843295573092306,0.0031622926063215,0.0110431648510596,0.0153599575158379,0.0155249614922419,0.0107060670545087,0.00897794937336549,0.0105770400731902,0.0139186045451589,0.0168801793510895,0.0172244551931409,0.0238861382023348,0.0243450842176165,0.0178697636348999,0.0136604638149387,0.0256932122327214,0.0374749979657842,0.0296013919683045,0.0352519565571865,0.0255426518319886,0.0230400237584272,0.018142260456121,0.0169017134875911,0.00566500888164079,0.0227029259618763,0.04868307859149,0.0464959266933076,0.0515872304675915,0.0483030014407815,0.0449040133218961,0.0476791389337661,0.0556387918413193,0.055588634441661,0.0546062282033513,0.0557965302875525,0.0560045136181144,0.0619634645386329,0.0655776133164931,0.0702961054702393
"48",NA,1573.089966,1577.741498,1588.030029,1603.26001,1613.199951,1606.280029,1614.959961,1614.079956,1615.410034,1631.890015,1640.459961,1652.319946,1652.619995,1675.02002,1680.189941,1682.5,1676.26001,1680.910034,1689.369995,1692.089966,1695.530029,1692.390015,1685.939941,1690.25,1691.650024,1685.329956,1685.959961,1685.72998,1706.869995,1709.670044,1707.140015,1697.369995,1690.910034,1697.47998,1691.420044,1689.469971,1694.160034,1685.390015,1661.319946,1655.829956,1646.060059,1652.349976,1642.800049,1656.959961,1663.5,1656.780029,1630.47998,1634.959961,1638.170044,1632.969971,1639.77002,1653.079956,0.0094972718171924,0.0191788420574033,0.0254975785663361,0.0210986426188926,0.0266164020526212,0.0260569903094785,0.0269025096559543,0.0373786943346379,0.0428265365974625,0.0503658288543174,0.0505565674684367,0.0647960740981548,0.0680825491960453,0.0695510341841441,0.0655843252642043,0.0685403062319196,0.0739182319595317,0.0756472945425932,0.0778341135258376,0.0758380331567126,0.0717377756130193,0.0744776437026742,0.0753676271303609,0.0713500133024179,0.0717505021578657,0.0716043051793263,0.0850428340981484,0.0868228015892132,0.0852144835306896,0.0790037643657566,0.0748972217397006,0.0790736809009689,0.0752214307875128,0.0739817858580123,0.0769632192797294,0.071388192301266,0.0560870528113202,0.052597112554464,0.0463864715795916,0.0503849186715872,0.0443141107671396,0.053315447185301,0.0574728947193603,0.0532010659331865,0.0364823469988367,0.0393302330681831,0.0413708557085792,0.03806521323905,0.0423879469332271,0.0508489607898244
"49",NA,1655.449951,1662.084103,1656.400024,1692.560059,1703.199951,1710.140015,1698.060059,1721.540039,1733.150024,1744.5,1744.660034,1754.670044,1746.380005,1752.069946,1759.77002,1762.109985,1771.949951,1763.310059,1756.540039,1761.640015,1767.930054,1762.969971,1770.48999,1747.150024,1770.609985,1771.890015,1767.689941,1782,1790.619995,1798.180054,1791.530029,1787.869995,1781.369995,1795.849976,1804.76001,1802.47998,1802.75,1807.22998,1805.810059,1800.900024,1795.150024,1792.810059,1785.030029,1805.089966,1808.369995,1802.619995,1782.219971,1775.5,1775.319946,1786.540039,1781,1810.650024,0.000573906205636687,0.0224169314074296,0.0288441217876481,0.0330363741694295,0.0257392909850644,0.0399227339733692,0.0469359239480869,0.0537920514880006,0.0538887224866635,0.0599354229586129,0.0549276974185007,0.0583647937780511,0.0630161418875779,0.0644296337292289,0.0703736165080837,0.0651545568833689,0.0610650221946818,0.0641457411236468,0.0679453359082554,0.0649491214971802,0.0694917046151158,0.0553928392366119,0.0695641894401191,0.0703374112456028,0.0678002919582072,0.0764445031536927,0.0816515436895864,0.086218313585247,0.0822012637215632,0.0799903639007689,0.0760639389453821,0.0848107941379859,0.0901930371919772,0.0888157500087419,0.0889788597420424,0.0916850605530628,0.0908273354378202,0.0878613532907706,0.084387977368698,0.0829744855270469,0.0782748387661767,0.0903923521877588,0.0923737041446806,0.0889003282226077,0.0765773800189022,0.0725180781983061,0.0724093138107804,0.0791869835272356,0.075840437775941,0.0937509907238505
"50",NA,1741.890015,1769.328602,1755.199951,1751.640015,1773.430054,1797.02002,1799.839966,1819.75,1819.26001,1829.829956,1838.630005,1840.76001,1828.75,1839.780029,1836.25,1847.609985,1845.119995,1845.160034,1854.290039,1859.449951,1845.72998,1873.910034,1873.810059,1877.030029,1878.040039,1877.170044,1867.630005,1868.199951,1846.339966,1841.130005,1858.829956,1872.25,1860.77002,1872.01001,1866.52002,1857.439941,1865.619995,1852.560059,1849.040039,1857.619995,1872.339966,1885.52002,1890.900024,1888.77002,1865.089966,1845.040039,1851.959961,1872.180054,1833.079956,1815.689941,1830.609985,1842.97998,0.00764108863670132,0.005597368327529,0.0181067913177055,0.0316495327060016,0.0332684328522315,0.0446985655406034,0.0444172676424694,0.0504853579977609,0.0555373698493817,0.0567601824159949,0.049865367073707,0.0561975860456378,0.0541710350179601,0.0606926781195196,0.059263202102918,0.0592861880547608,0.0645276240360102,0.067489873061819,0.0596133878177147,0.0757912485077308,0.075733853954034,0.0775824035020949,0.0781622391928116,0.0776627845817235,0.0721859525671602,0.0725131523301143,0.0599635741066005,0.056972592497466,0.0671339407155394,0.0748382411503747,0.0682477102321526,0.0747004655170493,0.0715487223227467,0.0663359483118686,0.0710320278172099,0.0635344614453168,0.0615136564750329,0.0664393153433398,0.0748898896466779,0.0824564144481879,0.0855450158832216,0.0843222038906974,0.0707277439672331,0.059217300238098,0.0631899517490488,0.0747980859170376,0.0523511474402705,0.0423677300888599,0.0509331641125459,0.058034642904822
"51",NA,1909.569946,1913.212695,1931.589966,1936.920044,1933.75,1946.719971,1955.180054,1955.060059,1971.73999,1981.599976,1986.51001,1992.369995,1988.400024,1997.920044,2000.02002,2000.119995,1996.73999,2003.369995,2002.280029,2000.719971,1997.650024,2007.709961,2001.540039,1988.439941,1995.689941,1997.449951,1985.540039,1984.130005,1998.97998,2001.569946,2011.359985,2010.400024,1994.290039,1982.77002,1998.300049,1965.98999,1982.849976,1977.800049,1972.290039,1946.160034,1946.170044,1967.900024,1964.819946,1935.099976,1968.890015,1928.209961,1906.130005,1874.73999,1877.699951,1862.48999,1862.76001,1886.76001,0.011531402683691,0.0143226479120551,0.0126625652287051,0.0194546552629917,0.023885015626445,0.0238221768703935,0.0325570917840576,0.0377205507192246,0.040291828095204,0.0433605740252889,0.041281587074161,0.0462670132534646,0.0473667247379268,0.0474190794580089,0.0456490447928322,0.0491210333491496,0.0485502420030233,0.0477332737619447,0.0461256096874076,0.0513937785864169,0.0481627254307446,0.0413024907336912,0.0450991571062358,0.0460208358348346,0.039783875505129,0.0390454715503781,0.046822078545637,0.0481783870722901,0.0533052162939729,0.0528025057218826,0.0443660590582,0.0383332771618725,0.0464660135575887,0.0295459425920395,0.0383751483696633,0.0357306120903935,0.0328451404104786,0.0191614285073169,0.0191666705253015,0.030546185606966,0.0289332161493916,0.0133695181229041,0.0310646222330102,0.00976136801851402,-0.00180142183699827,-0.0182396858899874,-0.0166896190771951,-0.0246547428642868,-0.0245133392982296,-0.0119450644098061
"52",NA,1961.630005,1961.854995,1985.050049,1982.300049,1994.650024,2018.050049,2017.810059,2012.099976,2023.569946,2031.209961,2031.920044,2038.26001,2039.680054,2038.25,2039.329956,2039.819946,2041.319946,2051.800049,2048.719971,2052.75,2063.5,2069.409912,2067.030029,2072.830078,2067.560059,2053.439941,2066.550049,2074.330078,2071.919922,2075.370117,2060.310059,2059.820068,2026.140015,2035.329956,2002.329956,1989.630005,1972.73999,2012.890015,2061.22998,2070.649902,2078.540039,2082.169922,2081.879883,2088.77002,2090.570068,2080.350098,2058.899902,2058.199951,2020.579956,2002.609985,2025.900024,2062.139893,0.0119390730873328,0.010537177728376,0.0168329495959152,0.028761817394815,0.0286394752612891,0.0257285884042133,0.0315757512079859,0.0354704790519351,0.0358324652563622,0.0390644539513965,0.0397883641670744,0.0390593510522899,0.0396098911629363,0.0398596783290945,0.0406243485248892,0.0459668968001945,0.0443967342353127,0.0464511629449713,0.0519312993481664,0.0549440550589457,0.0537308379925603,0.0566875877288593,0.0540010367551449,0.0468028811580092,0.0534861537255085,0.0574522579246539,0.0562236082843768,0.0579824491418299,0.0503051308088041,0.0500553431328656,0.0328859213182764,0.0375707706408173,0.0207480263333351,0.0142738436548333,0.00566364960348364,0.026131334588757,0.0507740882562613,0.0555761773230015,0.0595984123927591,0.0614488546223069,0.0613009985030282,0.064813453442256,0.0657310821466559,0.0605211445060456,0.0495862607892767,0.0492294396771322,0.0300515137155031,0.0208907795535072,0.0327635786749705,0.0512379438241719
"53",NA,1992.670044,2007.1916,2019.420044,2022.550049,2032.119995,2063.149902,2051.820068,2057.090088,2029.550049,2002.160034,2021.25,1994.98999,2020.849976,2050.030029,2041.51001,2062.52002,2055.469971,2046.73999,2068.590088,2068.530029,2088.47998,2096.98999,2100.340088,2099.679932,2097.449951,2110.300049,2109.659912,2115.47998,2113.860107,2110.73999,2104.5,2117.389893,2107.780029,2098.530029,2101.040039,2071.26001,2079.429932,2044.160034,2040.23999,2065.949951,2053.399902,2081.189941,2074.280029,2099.5,2089.27002,2108.100098,2104.419922,2091.5,2061.050049,2056.149902,2061.02002,2086.23999,0.013424199395452,0.0149949586937235,0.0197975330229836,0.0353695576506594,0.0296838024830568,0.0323285052605529,0.0185078333018791,0.00476244927180725,0.0143425431049438,0.00116423991367043,0.0141417953689076,0.0287854906900984,0.0245098109177979,0.0350534581529545,0.0315154669931899,0.0271344200525354,0.0380996564025229,0.038069516440224,0.0480811844833455,0.0523518413467956,0.0540330519466574,0.0537017597681115,0.0525826678207444,0.0590313511031031,0.0587101052440973,0.0616308436862316,0.0608179278676404,0.0592521307556726,0.056120658980509,0.0625893129550152,0.0577667062073826,0.0531246933323197,0.0543843148173506,0.0394395280024593,0.0435395153659468,0.0258396969207413,0.0238724650592479,0.0367747320840439,0.0304766251607285,0.0444227569268363,0.0409550920112092,0.0536114628318265,0.0484776575484065,0.0579273293878051,0.0560804726986703,0.0495967489939344,0.0343157690385794,0.0318566830425038,0.0343006993083497,0.046957069627128
"54",NA,2079.280029,2083.976404,2080.149902,2105.199951,2108.860107,2094.110107,2084.429932,2096.290039,2100.439941,2121.23999,2109.98999,2122.850098,2124.199951,2108.580078,2102.310059,2101.48999,2057.639893,2063.110107,2077.419922,2076.780029,2068.76001,2081.340088,2046.680054,2051.310059,2076.620117,2099.600098,2108.949951,2107.399902,2124.290039,2126.639893,2128.280029,2119.209961,2114.149902,2102.149902,2079.649902,2067.639893,2093.25,2108.570068,2108.629883,2103.840088,2098.040039,2093.320068,2099.840088,2083.560059,2077.570068,2104.179932,2084.070068,2086.050049,2083.389893,2091.540039,2102.439941,2096.919922,0.000418352981737868,0.0124658158778479,0.0142261155724301,0.00713231397077974,0.00247677221354192,0.00818072109709078,0.0101765571278905,0.0201800432913215,0.0147695166459947,0.020954401712286,0.0216035942121773,0.014091439628789,0.0110759636406819,0.010681563180637,-0.0104075139943548,-0.00777669278523141,-0.000894591865480798,-0.00120233925451707,-0.00505945272078601,0.000990755920928343,-0.0156784918555095,-0.0134517571514655,-0.00127924664446444,0.00977264664527766,0.0142693247596233,0.0135238508559734,0.0216469207476815,0.022777049430315,0.0235658493885338,0.0192037298695182,0.0167701668431695,0.0109989384214877,0.000177885130834499,-0.00559815697628674,0.00671865780710568,0.0140866254624139,0.0141153926314175,0.0118118092115815,0.00902235857525269,0.00675235600985991,0.00988806640435436,0.00205841923180405,-0.000822381293597241,0.0119752523242265,0.00230370076814701,0.00325594431994602,0.00197658032717052,0.00589627651350844,0.0111384285315039,0.00848365431975195
"55",NA,2023.040039,2035.163601,2053.189941,2050.439941,2083.580078,2081.23999,2089.169922,2086.590088,2089.139893,2088.870117,2090.110107,2080.409912,2102.629883,2079.51001,2049.620117,2091.689941,2077.070068,2063.590088,2047.619995,2052.22998,2012.369995,2021.939941,2043.410034,2073.070068,2041.890015,2005.550049,2021.150024,2038.969971,2064.290039,2060.98999,2056.5,2078.360107,2063.360107,2043.939941,2012.660034,2016.709961,1990.26001,1943.089966,1922.030029,1923.670044,1938.680054,1890.280029,1921.839966,1880.329956,1881.329956,1859.329956,1868.98999,1906.900024,1877.079956,1903.630005,1882.949951,1893.359985,0.0149032650954863,0.0135439247230835,0.0299252796943779,0.0287685611149686,0.0326883708306083,0.0314131444632273,0.0326735273280472,0.0325401755432089,0.033153109531709,0.028358248919462,0.0393417047936144,0.0279134223304416,0.0131386811370964,0.0339340303091253,0.0267073453606521,0.0200441158940403,0.0121500096518852,0.0144287510070382,-0.00527426239436879,-0.000543784590908869,0.0100690023960519,0.0247301230007935,0.0093176485074995,-0.00864539982542578,-0.000934244979617027,0.00787425443535672,0.0203901055860418,0.0187588729181845,0.0165394457622992,0.0273450188496245,0.0199304350001548,0.0103309383883134,-0.00513089449536097,-0.00312899294031221,-0.0162033515739033,-0.0395197680019816,-0.049929812585385,-0.0491191440032591,-0.0416996121548339,-0.0656240150667626,-0.0500237617887305,-0.0705423917712189,-0.0700480861812542,-0.0809228091604764,-0.076147800355028,-0.0574086586330781,-0.0721488849386041,-0.0590250473040687,-0.0692473135970395,-0.0641015755991174
"56",NA,1979.26001,1999.658799,1989.26001,1989.569946,2022.189941,2019.640015,2015.930054,2027.219971,2040.589966,2049.580078,2051.600098,2049.800049,2036.709961,2035.939941,2037.050049,2055.01001,2063.949951,2059.73999,2072.780029,2066.129883,2045.170044,2066.659912,2041.910034,2047.599976,2041.98999,2061.719971,2082.419922,2082.780029,2080.72998,2094.340088,2100.800049,2102.399902,2091.47998,2091.580078,2087.790039,2091.699951,2095.149902,2075.810059,2065.300049,2081.429932,2063.370117,2051.120117,2050.629883,2057.139893,2058.689941,2084.389893,2064.459961,2064.110107,2046.609985,2066.659912,2047.209961,2047.630005,0.0050523932931883,0.00520898514996015,0.0216898895461441,0.0204015666440913,0.0185271484366523,0.0242312585297977,0.030986305836594,0.0355284639939752,0.0365490575439857,0.0356396019944847,0.0290259747126402,0.0286369303242782,0.0291978005456697,0.038271879195902,0.0427886889908922,0.0406616511187936,0.0472499916774451,0.0438900763725327,0.033300341373542,0.0441578678690124,0.0316532561075693,0.0345280385875124,0.0316936530233842,0.0416620153912977,0.0521204447514705,0.0523023849706337,0.0512666195888027,0.0581429814266798,0.0614068077897456,0.0622151164464744,0.0566979423789804,0.0567485158253664,0.0548336390629143,0.0568090803794901,0.0585521313089128,0.0487808820024611,0.0434708115989269,0.0516202628678382,0.0424957340496159,0.03630655226546,0.0360588667680908,0.0393479798543497,0.0401311250662817,0.0531157515782881,0.0430463661012381,0.0428696061009184,0.0340278561986407,0.0441578678690124,0.034330987670488,0.0345432104193324
"57",NA,2000.540039,2033.310997,2036.089966,2070.77002,2098.860107,2102.949951,2088.550049,2099.72998,2097.899902,2129.899902,2137.159912,2152.139893,2152.429932,2163.75,2161.73999,2166.889893,2163.780029,2173.02002,2165.169922,2175.030029,2168.47998,2169.179932,2166.580078,2170.060059,2173.600098,2170.840088,2157.030029,2163.790039,2164.25,2182.870117,2180.889893,2181.73999,2175.48999,2185.790039,2184.050049,2190.149902,2178.149902,2182.219971,2187.02002,2183.870117,2182.639893,2186.899902,2175.439941,2172.469971,2169.040039,2180.379883,2176.120117,2170.949951,2170.860107,2179.97998,2186.47998,2186.159912,0.0177701652088753,0.0351055113273842,0.0491467634155158,0.051191133395756,0.0439931259981146,0.0495815825058825,0.048666790517558,0.0646624713718116,0.0682914964642705,0.0757794650667325,0.0759244454192101,0.0815829515122242,0.0805782178099161,0.0831524742104899,0.0815979619591107,0.0862167103069913,0.0822927208606596,0.0872214435094343,0.083947303091193,0.0842971846163585,0.0829976085272444,0.0847371293227088,0.0865066710119466,0.085127038539617,0.0782238730289166,0.0816029656080279,0.0818328840255718,0.0911404293068487,0.0901505845842259,0.0905755183438246,0.0874513619269781,0.0925999961953274,0.0917302360475276,0.0947793392302108,0.0887809589098658,0.0908154440592028,0.0932148206807273,0.0916402943335441,0.0910253483809429,0.0931547778934507,0.0874263441822571,0.0859417600489225,0.084227256998179,0.0898956484219611,0.0877663403766547,0.0851819552110449,0.0851370453375864,0.0896957508981904,0.0929448735717107,0.0927848827723463
"58",NA,2136.72998,2137.5995,2139.179932,2132.550049,2132.97998,2126.5,2139.600098,2144.290039,2141.340088,2141.159912,2151.330078,2143.159912,2139.429932,2133.040039,2126.409912,2126.149902,2111.719971,2097.939941,2088.659912,2085.179932,2131.52002,2139.560059,2163.26001,2167.47998,2164.449951,2164.199951,2180.389893,2176.939941,2187.120117,2181.899902,2198.179932,2202.939941,2204.719971,2213.350098,2201.719971,2204.659912,2198.810059,2191.080078,2191.949951,2204.709961,2212.22998,2241.350098,2246.189941,2259.530029,2256.959961,2271.719971,2253.280029,2262.030029,2258.070068,2262.530029,2270.76001,2265.179932,0.00114658942539858,-0.00195622799283235,-0.0017550181984155,-0.00478768028518051,0.00134322915242646,0.00353814430029198,0.00215755291644282,0.00207322967406487,0.00683291671697317,0.0030092393798864,0.00126359063862624,-0.00172691029495453,-0.00482984190636948,-0.00495152784817476,-0.0117048055833429,-0.0181539264965992,-0.0224970251037522,-0.0241256726317848,-0.00243828656347123,0.00132449070612095,0.012416182787869,0.0143911492270072,0.0129730809505466,0.0128560797373189,0.0204330511616633,0.018818456883354,0.0235828286548401,0.0211397427016025,0.0287588757471358,0.030986583059035,0.0318196457373616,0.0358585870545982,0.0304156311786292,0.0317915378339007,0.0290537782410858,0.0254361096201776,0.0258432144055938,0.0318149610087841,0.0353343663947656,0.0489627229361007,0.0512277929474272,0.0574710188696843,0.0562682145733735,0.0631759708823854,0.0545459885389916,0.0586410310019612,0.0567877500366236,0.0588750334284167,0.0627267044757802,0.0601152008921595
"59",NA,2581,2637.539709,2619.550049,2656,2662.939941,2698.629883,2731.199951,2732.219971,2716.26001,2701.330078,2703.959961,2747.300049,2779.600098,2744.280029,2713.830078,2677.669922,2691.25,2720.939941,2728.120117,2726.800049,2738.969971,2786.570068,2783.02002,2765.310059,2749.47998,2747.330078,2752.01001,2712.919922,2716.939941,2711.929932,2643.689941,2588.26001,2658.550049,2612.620117,2605,2640.870117,2581.879883,2614.449951,2644.689941,2662.840088,2604.469971,2613.159912,2656.870117,2642.189941,2663.98999,2656.300049,2677.840088,2706.389893,2708.639893,2693.129883,2670.139893,2670.290039,0.0149360902750872,0.0290585044556373,0.0317473618752422,0.0455753130569547,0.0581944792716003,0.0585896826811314,0.0524060480433941,0.0466214947694692,0.0476404343277799,0.0644324095311894,0.0769469577683068,0.063262312669508,0.0514645788454087,0.0374544447888416,0.0427160015497869,0.0542192719876018,0.0570012076714452,0.0564897516466485,0.0612049480821386,0.079647449825649,0.0782719953506392,0.0714103289422705,0.0652770166602092,0.0644440441689267,0.0662572685005811,0.0511119418829911,0.0526694850833012,0.0507283734986439,0.0242890123982953,0.002812867105773,0.0300465125920186,0.0122511108097636,0.00929872142580401,0.0231964808213871,0.000340907787679257,0.0129600740023248,0.0246764591243704,0.0317086741573034,0.00909336342502898,0.0124602526152655,0.0293956284385897,0.0237078423091825,0.0321541999225106,0.0291747574583494,0.0375203750484308,0.0485819035257653,0.0494536586594343,0.0434443560635414,0.0345369597055405,0.0345951332816739
